periodo,localizacao,numero_transacoes,ano,trimestre_num,periodo_ordem,data_trimestre
4.º Trimestre de 2025,PT: Portugal,43084.0,2025,4,20254,2025-Q4
4.º Trimestre de 2025,1: Continente,41564.0,2025,4,20254,2025-Q4
4.º Trimestre de 2025,11: Norte,12885.0,2025,4,20254,2025-Q4
4.º Trimestre de 2025,19: Centro,6982.0,2025,4,20254,2025-Q4
4.º Trimestre de 2025,1D: Oeste e Vale do Tejo,4180.0,2025,4,20254,2025-Q4
4.º Trimestre de 2025,1A: Grande Lisboa,7796.0,2025,4,20254,2025-Q4
4.º Trimestre de 2025,1B: Península de Setúbal,4167.0,2025,4,20254,2025-Q4
4.º Trimestre de 2025,1C: Alentejo,2302.0,2025,4,20254,2025-Q4
4.º Trimestre de 2025,15: Algarve,3252.0,2025,4,20254,2025-Q4
4.º Trimestre de 2025,2: Região Autónoma dos Açores,655.0,2025,4,20254,2025-Q4
4.º Trimestre de 2025,20: Região Autónoma dos Açores,655.0,2025,4,20254,2025-Q4
4.º Trimestre de 2025,3: Região Autónoma da Madeira,865.0,2025,4,20254,2025-Q4
4.º Trimestre de 2025,30: Região Autónoma da Madeira,865.0,2025,4,20254,2025-Q4
3.º Trimestre de 2025,PT: Portugal,42481.0,2025,3,20253,2025-Q3
3.º Trimestre de 2025,1: Continente,41032.0,2025,3,20253,2025-Q3
3.º Trimestre de 2025,11: Norte,12542.0,2025,3,20253,2025-Q3
3.º Trimestre de 2025,19: Centro,7152.0,2025,3,20253,2025-Q3
3.º Trimestre de 2025,1D: Oeste e Vale do Tejo,4073.0,2025,3,20253,2025-Q3
3.º Trimestre de 2025,1A: Grande Lisboa,7759.0,2025,3,20253,2025-Q3
3.º Trimestre de 2025,1B: Península de Setúbal,4190.0,2025,3,20253,2025-Q3
3.º Trimestre de 2025,1C: Alentejo,2333.0,2025,3,20253,2025-Q3
3.º Trimestre de 2025,15: Algarve,2983.0,2025,3,20253,2025-Q3
3.º Trimestre de 2025,2: Região Autónoma dos Açores,697.0,2025,3,20253,2025-Q3
3.º Trimestre de 2025,20: Região Autónoma dos Açores,697.0,2025,3,20253,2025-Q3
3.º Trimestre de 2025,3: Região Autónoma da Madeira,752.0,2025,3,20253,2025-Q3
3.º Trimestre de 2025,30: Região Autónoma da Madeira,752.0,2025,3,20253,2025-Q3
2.º Trimestre de 2025,PT: Portugal,42889.0,2025,2,20252,2025-Q2
2.º Trimestre de 2025,1: Continente,41433.0,2025,2,20252,2025-Q2
2.º Trimestre de 2025,11: Norte,12955.0,2025,2,20252,2025-Q2
2.º Trimestre de 2025,19: Centro,6832.0,2025,2,20252,2025-Q2
2.º Trimestre de 2025,1D: Oeste e Vale do Tejo,3977.0,2025,2,20252,2025-Q2
2.º Trimestre de 2025,1A: Grande Lisboa,8189.0,2025,2,20252,2025-Q2
2.º Trimestre de 2025,1B: Península de Setúbal,4096.0,2025,2,20252,2025-Q2
2.º Trimestre de 2025,1C: Alentejo,2162.0,2025,2,20252,2025-Q2
2.º Trimestre de 2025,15: Algarve,3222.0,2025,2,20252,2025-Q2
2.º Trimestre de 2025,2: Região Autónoma dos Açores,664.0,2025,2,20252,2025-Q2
2.º Trimestre de 2025,20: Região Autónoma dos Açores,664.0,2025,2,20252,2025-Q2
2.º Trimestre de 2025,3: Região Autónoma da Madeira,792.0,2025,2,20252,2025-Q2
2.º Trimestre de 2025,30: Região Autónoma da Madeira,792.0,2025,2,20252,2025-Q2
1.º Trimestre de 2025,PT: Portugal,41358.0,2025,1,20251,2025-Q1
1.º Trimestre de 2025,1: Continente,39815.0,2025,1,20251,2025-Q1
1.º Trimestre de 2025,11: Norte,12285.0,2025,1,20251,2025-Q1
1.º Trimestre de 2025,19: Centro,6501.0,2025,1,20251,2025-Q1
1.º Trimestre de 2025,1D: Oeste e Vale do Tejo,3885.0,2025,1,20251,2025-Q1
1.º Trimestre de 2025,1A: Grande Lisboa,8018.0,2025,1,20251,2025-Q1
1.º Trimestre de 2025,1B: Península de Setúbal,4035.0,2025,1,20251,2025-Q1
1.º Trimestre de 2025,1C: Alentejo,2064.0,2025,1,20251,2025-Q1
1.º Trimestre de 2025,15: Algarve,3027.0,2025,1,20251,2025-Q1
1.º Trimestre de 2025,2: Região Autónoma dos Açores,649.0,2025,1,20251,2025-Q1
1.º Trimestre de 2025,20: Região Autónoma dos Açores,649.0,2025,1,20251,2025-Q1
1.º Trimestre de 2025,3: Região Autónoma da Madeira,894.0,2025,1,20251,2025-Q1
1.º Trimestre de 2025,30: Região Autónoma da Madeira,894.0,2025,1,20251,2025-Q1
4.º Trimestre de 2024,PT: Portugal,45214.0,2024,4,20244,2024-Q4
4.º Trimestre de 2024,1: Continente,43028.0,2024,4,20244,2024-Q4
4.º Trimestre de 2024,11: Norte,13027.0,2024,4,20244,2024-Q4
4.º Trimestre de 2024,19: Centro,7092.0,2024,4,20244,2024-Q4
4.º Trimestre de 2024,1D: Oeste e Vale do Tejo,4109.0,2024,4,20244,2024-Q4
4.º Trimestre de 2024,1A: Grande Lisboa,8848.0,2024,4,20244,2024-Q4
4.º Trimestre de 2024,1B: Península de Setúbal,4358.0,2024,4,20244,2024-Q4
4.º Trimestre de 2024,1C: Alentejo,2338.0,2024,4,20244,2024-Q4
4.º Trimestre de 2024,15: Algarve,3256.0,2024,4,20244,2024-Q4
4.º Trimestre de 2024,2: Região Autónoma dos Açores,875.0,2024,4,20244,2024-Q4
4.º Trimestre de 2024,20: Região Autónoma dos Açores,875.0,2024,4,20244,2024-Q4
4.º Trimestre de 2024,3: Região Autónoma da Madeira,1311.0,2024,4,20244,2024-Q4
4.º Trimestre de 2024,30: Região Autónoma da Madeira,1311.0,2024,4,20244,2024-Q4
3.º Trimestre de 2024,PT: Portugal,40909.0,2024,3,20243,2024-Q3
3.º Trimestre de 2024,1: Continente,39237.0,2024,3,20243,2024-Q3
3.º Trimestre de 2024,11: Norte,12407.0,2024,3,20243,2024-Q3
3.º Trimestre de 2024,19: Centro,6497.0,2024,3,20243,2024-Q3
3.º Trimestre de 2024,1D: Oeste e Vale do Tejo,3712.0,2024,3,20243,2024-Q3
3.º Trimestre de 2024,1A: Grande Lisboa,7949.0,2024,3,20243,2024-Q3
3.º Trimestre de 2024,1B: Península de Setúbal,3938.0,2024,3,20243,2024-Q3
3.º Trimestre de 2024,1C: Alentejo,1947.0,2024,3,20243,2024-Q3
3.º Trimestre de 2024,15: Algarve,2787.0,2024,3,20243,2024-Q3
3.º Trimestre de 2024,2: Região Autónoma dos Açores,695.0,2024,3,20243,2024-Q3
3.º Trimestre de 2024,20: Região Autónoma dos Açores,695.0,2024,3,20243,2024-Q3
3.º Trimestre de 2024,3: Região Autónoma da Madeira,977.0,2024,3,20243,2024-Q3
3.º Trimestre de 2024,30: Região Autónoma da Madeira,977.0,2024,3,20243,2024-Q3
2.º Trimestre de 2024,PT: Portugal,37125.0,2024,2,20242,2024-Q2
2.º Trimestre de 2024,1: Continente,35690.0,2024,2,20242,2024-Q2
2.º Trimestre de 2024,11: Norte,10995.0,2024,2,20242,2024-Q2
2.º Trimestre de 2024,19: Centro,5885.0,2024,2,20242,2024-Q2
2.º Trimestre de 2024,1D: Oeste e Vale do Tejo,3475.0,2024,2,20242,2024-Q2
2.º Trimestre de 2024,1A: Grande Lisboa,7031.0,2024,2,20242,2024-Q2
2.º Trimestre de 2024,1B: Península de Setúbal,3523.0,2024,2,20242,2024-Q2
2.º Trimestre de 2024,1C: Alentejo,1945.0,2024,2,20242,2024-Q2
2.º Trimestre de 2024,15: Algarve,2836.0,2024,2,20242,2024-Q2
2.º Trimestre de 2024,2: Região Autónoma dos Açores,599.0,2024,2,20242,2024-Q2
2.º Trimestre de 2024,20: Região Autónoma dos Açores,599.0,2024,2,20242,2024-Q2
2.º Trimestre de 2024,3: Região Autónoma da Madeira,836.0,2024,2,20242,2024-Q2
2.º Trimestre de 2024,30: Região Autónoma da Madeira,836.0,2024,2,20242,2024-Q2
1.º Trimestre de 2024,PT: Portugal,33077.0,2024,1,20241,2024-Q1
1.º Trimestre de 2024,1: Continente,31790.0,2024,1,20241,2024-Q1
1.º Trimestre de 2024,11: Norte,9932.0,2024,1,20241,2024-Q1
1.º Trimestre de 2024,19: Centro,5376.0,2024,1,20241,2024-Q1
1.º Trimestre de 2024,1D: Oeste e Vale do Tejo,3088.0,2024,1,20241,2024-Q1
1.º Trimestre de 2024,1A: Grande Lisboa,6334.0,2024,1,20241,2024-Q1
1.º Trimestre de 2024,1B: Península de Setúbal,3125.0,2024,1,20241,2024-Q1
1.º Trimestre de 2024,1C: Alentejo,1630.0,2024,1,20241,2024-Q1
1.º Trimestre de 2024,15: Algarve,2305.0,2024,1,20241,2024-Q1
1.º Trimestre de 2024,2: Região Autónoma dos Açores,591.0,2024,1,20241,2024-Q1
1.º Trimestre de 2024,20: Região Autónoma dos Açores,591.0,2024,1,20241,2024-Q1
1.º Trimestre de 2024,3: Região Autónoma da Madeira,696.0,2024,1,20241,2024-Q1
1.º Trimestre de 2024,30: Região Autónoma da Madeira,696.0,2024,1,20241,2024-Q1
4.º Trimestre de 2023,PT: Portugal,34126.0,2023,4,20234,2023-Q4
4.º Trimestre de 2023,1: Continente,32761.0,2023,4,20234,2023-Q4
4.º Trimestre de 2023,11: Norte,9849.0,2023,4,20234,2023-Q4
4.º Trimestre de 2023,19: Centro,5447.0,2023,4,20234,2023-Q4
4.º Trimestre de 2023,1D: Oeste e Vale do Tejo,3188.0,2023,4,20234,2023-Q4
4.º Trimestre de 2023,1A: Grande Lisboa,6615.0,2023,4,20234,2023-Q4
4.º Trimestre de 2023,1B: Península de Setúbal,3206.0,2023,4,20234,2023-Q4
4.º Trimestre de 2023,1C: Alentejo,1723.0,2023,4,20234,2023-Q4
4.º Trimestre de 2023,15: Algarve,2733.0,2023,4,20234,2023-Q4
4.º Trimestre de 2023,2: Região Autónoma dos Açores,636.0,2023,4,20234,2023-Q4
4.º Trimestre de 2023,20: Região Autónoma dos Açores,636.0,2023,4,20234,2023-Q4
4.º Trimestre de 2023,3: Região Autónoma da Madeira,729.0,2023,4,20234,2023-Q4
4.º Trimestre de 2023,30: Região Autónoma da Madeira,729.0,2023,4,20234,2023-Q4
3.º Trimestre de 2023,PT: Portugal,34256.0,2023,3,20233,2023-Q3
3.º Trimestre de 2023,1: Continente,32762.0,2023,3,20233,2023-Q3
3.º Trimestre de 2023,11: Norte,10314.0,2023,3,20233,2023-Q3
3.º Trimestre de 2023,19: Centro,5525.0,2023,3,20233,2023-Q3
3.º Trimestre de 2023,1D: Oeste e Vale do Tejo,3178.0,2023,3,20233,2023-Q3
3.º Trimestre de 2023,1A: Grande Lisboa,6213.0,2023,3,20233,2023-Q3
3.º Trimestre de 2023,1B: Península de Setúbal,3101.0,2023,3,20233,2023-Q3
3.º Trimestre de 2023,1C: Alentejo,1788.0,2023,3,20233,2023-Q3
3.º Trimestre de 2023,15: Algarve,2643.0,2023,3,20233,2023-Q3
3.º Trimestre de 2023,2: Região Autónoma dos Açores,617.0,2023,3,20233,2023-Q3
3.º Trimestre de 2023,20: Região Autónoma dos Açores,617.0,2023,3,20233,2023-Q3
3.º Trimestre de 2023,3: Região Autónoma da Madeira,877.0,2023,3,20233,2023-Q3
3.º Trimestre de 2023,30: Região Autónoma da Madeira,877.0,2023,3,20233,2023-Q3
2.º Trimestre de 2023,PT: Portugal,33624.0,2023,2,20232,2023-Q2
2.º Trimestre de 2023,1: Continente,32296.0,2023,2,20232,2023-Q2
2.º Trimestre de 2023,11: Norte,9628.0,2023,2,20232,2023-Q2
2.º Trimestre de 2023,19: Centro,5168.0,2023,2,20232,2023-Q2
2.º Trimestre de 2023,1D: Oeste e Vale do Tejo,3160.0,2023,2,20232,2023-Q2
2.º Trimestre de 2023,1A: Grande Lisboa,6354.0,2023,2,20232,2023-Q2
2.º Trimestre de 2023,1B: Península de Setúbal,3342.0,2023,2,20232,2023-Q2
2.º Trimestre de 2023,1C: Alentejo,1698.0,2023,2,20232,2023-Q2
2.º Trimestre de 2023,15: Algarve,2946.0,2023,2,20232,2023-Q2
2.º Trimestre de 2023,2: Região Autónoma dos Açores,533.0,2023,2,20232,2023-Q2
2.º Trimestre de 2023,20: Região Autónoma dos Açores,533.0,2023,2,20232,2023-Q2
2.º Trimestre de 2023,3: Região Autónoma da Madeira,795.0,2023,2,20232,2023-Q2
2.º Trimestre de 2023,30: Região Autónoma da Madeira,795.0,2023,2,20232,2023-Q2
1.º Trimestre de 2023,PT: Portugal,34493.0,2023,1,20231,2023-Q1
1.º Trimestre de 2023,1: Continente,32996.0,2023,1,20231,2023-Q1
1.º Trimestre de 2023,11: Norte,9924.0,2023,1,20231,2023-Q1
1.º Trimestre de 2023,19: Centro,5266.0,2023,1,20231,2023-Q1
1.º Trimestre de 2023,1D: Oeste e Vale do Tejo,3208.0,2023,1,20231,2023-Q1
1.º Trimestre de 2023,1A: Grande Lisboa,6672.0,2023,1,20231,2023-Q1
1.º Trimestre de 2023,1B: Península de Setúbal,3089.0,2023,1,20231,2023-Q1
1.º Trimestre de 2023,1C: Alentejo,1757.0,2023,1,20231,2023-Q1
1.º Trimestre de 2023,15: Algarve,3080.0,2023,1,20231,2023-Q1
1.º Trimestre de 2023,2: Região Autónoma dos Açores,599.0,2023,1,20231,2023-Q1
1.º Trimestre de 2023,20: Região Autónoma dos Açores,599.0,2023,1,20231,2023-Q1
1.º Trimestre de 2023,3: Região Autónoma da Madeira,898.0,2023,1,20231,2023-Q1
1.º Trimestre de 2023,30: Região Autónoma da Madeira,898.0,2023,1,20231,2023-Q1
4.º Trimestre de 2022,PT: Portugal,38526.0,2022,4,20224,2022-Q4
4.º Trimestre de 2022,1: Continente,36909.0,2022,4,20224,2022-Q4
4.º Trimestre de 2022,11: Norte,10970.0,2022,4,20224,2022-Q4
4.º Trimestre de 2022,19: Centro,5958.0,2022,4,20224,2022-Q4
4.º Trimestre de 2022,1D: Oeste e Vale do Tejo,3758.0,2022,4,20224,2022-Q4
4.º Trimestre de 2022,1A: Grande Lisboa,7185.0,2022,4,20224,2022-Q4
4.º Trimestre de 2022,1B: Península de Setúbal,3772.0,2022,4,20224,2022-Q4
4.º Trimestre de 2022,1C: Alentejo,2104.0,2022,4,20224,2022-Q4
4.º Trimestre de 2022,15: Algarve,3162.0,2022,4,20224,2022-Q4
4.º Trimestre de 2022,2: Região Autónoma dos Açores,779.0,2022,4,20224,2022-Q4
4.º Trimestre de 2022,20: Região Autónoma dos Açores,779.0,2022,4,20224,2022-Q4
4.º Trimestre de 2022,3: Região Autónoma da Madeira,838.0,2022,4,20224,2022-Q4
4.º Trimestre de 2022,30: Região Autónoma da Madeira,838.0,2022,4,20224,2022-Q4
3.º Trimestre de 2022,PT: Portugal,42223.0,2022,3,20223,2022-Q3
3.º Trimestre de 2022,1: Continente,40300.0,2022,3,20223,2022-Q3
3.º Trimestre de 2022,11: Norte,11995.0,2022,3,20223,2022-Q3
3.º Trimestre de 2022,19: Centro,6186.0,2022,3,20223,2022-Q3
3.º Trimestre de 2022,1D: Oeste e Vale do Tejo,3883.0,2022,3,20223,2022-Q3
3.º Trimestre de 2022,1A: Grande Lisboa,8204.0,2022,3,20223,2022-Q3
3.º Trimestre de 2022,1B: Península de Setúbal,4257.0,2022,3,20223,2022-Q3
3.º Trimestre de 2022,1C: Alentejo,2109.0,2022,3,20223,2022-Q3
3.º Trimestre de 2022,15: Algarve,3666.0,2022,3,20223,2022-Q3
3.º Trimestre de 2022,2: Região Autónoma dos Açores,743.0,2022,3,20223,2022-Q3
3.º Trimestre de 2022,20: Região Autónoma dos Açores,743.0,2022,3,20223,2022-Q3
3.º Trimestre de 2022,3: Região Autónoma da Madeira,1180.0,2022,3,20223,2022-Q3
3.º Trimestre de 2022,30: Região Autónoma da Madeira,1180.0,2022,3,20223,2022-Q3
2.º Trimestre de 2022,PT: Portugal,43607.0,2022,2,20222,2022-Q2
2.º Trimestre de 2022,1: Continente,41805.0,2022,2,20222,2022-Q2
2.º Trimestre de 2022,11: Norte,11967.0,2022,2,20222,2022-Q2
2.º Trimestre de 2022,19: Centro,6162.0,2022,2,20222,2022-Q2
2.º Trimestre de 2022,1D: Oeste e Vale do Tejo,4009.0,2022,2,20222,2022-Q2
2.º Trimestre de 2022,1A: Grande Lisboa,8746.0,2022,2,20222,2022-Q2
2.º Trimestre de 2022,1B: Península de Setúbal,4590.0,2022,2,20222,2022-Q2
2.º Trimestre de 2022,1C: Alentejo,2165.0,2022,2,20222,2022-Q2
2.º Trimestre de 2022,15: Algarve,4166.0,2022,2,20222,2022-Q2
2.º Trimestre de 2022,2: Região Autónoma dos Açores,702.0,2022,2,20222,2022-Q2
2.º Trimestre de 2022,20: Região Autónoma dos Açores,702.0,2022,2,20222,2022-Q2
2.º Trimestre de 2022,3: Região Autónoma da Madeira,1100.0,2022,2,20222,2022-Q2
2.º Trimestre de 2022,30: Região Autónoma da Madeira,1100.0,2022,2,20222,2022-Q2
1.º Trimestre de 2022,PT: Portugal,43544.0,2022,1,20221,2022-Q1
1.º Trimestre de 2022,1: Continente,41798.0,2022,1,20221,2022-Q1
1.º Trimestre de 2022,11: Norte,12371.0,2022,1,20221,2022-Q1
1.º Trimestre de 2022,19: Centro,5976.0,2022,1,20221,2022-Q1
1.º Trimestre de 2022,1D: Oeste e Vale do Tejo,3759.0,2022,1,20221,2022-Q1
1.º Trimestre de 2022,1A: Grande Lisboa,9046.0,2022,1,20221,2022-Q1
1.º Trimestre de 2022,1B: Península de Setúbal,4418.0,2022,1,20221,2022-Q1
1.º Trimestre de 2022,1C: Alentejo,2099.0,2022,1,20221,2022-Q1
1.º Trimestre de 2022,15: Algarve,4129.0,2022,1,20221,2022-Q1
1.º Trimestre de 2022,2: Região Autónoma dos Açores,722.0,2022,1,20221,2022-Q1
1.º Trimestre de 2022,20: Região Autónoma dos Açores,722.0,2022,1,20221,2022-Q1
1.º Trimestre de 2022,3: Região Autónoma da Madeira,1024.0,2022,1,20221,2022-Q1
1.º Trimestre de 2022,30: Região Autónoma da Madeira,1024.0,2022,1,20221,2022-Q1
4.º Trimestre de 2021,PT: Portugal,45885.0,2021,4,20214,2021-Q4
4.º Trimestre de 2021,1: Continente,44102.0,2021,4,20214,2021-Q4
4.º Trimestre de 2021,11: Norte,13158.0,2021,4,20214,2021-Q4
4.º Trimestre de 2021,19: Centro,6375.0,2021,4,20214,2021-Q4
4.º Trimestre de 2021,1D: Oeste e Vale do Tejo,4028.0,2021,4,20214,2021-Q4
4.º Trimestre de 2021,1A: Grande Lisboa,9288.0,2021,4,20214,2021-Q4
4.º Trimestre de 2021,1B: Península de Setúbal,4664.0,2021,4,20214,2021-Q4
4.º Trimestre de 2021,1C: Alentejo,2276.0,2021,4,20214,2021-Q4
4.º Trimestre de 2021,15: Algarve,4313.0,2021,4,20214,2021-Q4
4.º Trimestre de 2021,2: Região Autónoma dos Açores,803.0,2021,4,20214,2021-Q4
4.º Trimestre de 2021,20: Região Autónoma dos Açores,803.0,2021,4,20214,2021-Q4
4.º Trimestre de 2021,3: Região Autónoma da Madeira,980.0,2021,4,20214,2021-Q4
4.º Trimestre de 2021,30: Região Autónoma da Madeira,980.0,2021,4,20214,2021-Q4
3.º Trimestre de 2021,PT: Portugal,43447.0,2021,3,20213,2021-Q3
3.º Trimestre de 2021,1: Continente,41844.0,2021,3,20213,2021-Q3
3.º Trimestre de 2021,11: Norte,12527.0,2021,3,20213,2021-Q3
3.º Trimestre de 2021,19: Centro,6003.0,2021,3,20213,2021-Q3
3.º Trimestre de 2021,1D: Oeste e Vale do Tejo,3985.0,2021,3,20213,2021-Q3
3.º Trimestre de 2021,1A: Grande Lisboa,8518.0,2021,3,20213,2021-Q3
3.º Trimestre de 2021,1B: Península de Setúbal,4555.0,2021,3,20213,2021-Q3
3.º Trimestre de 2021,1C: Alentejo,2216.0,2021,3,20213,2021-Q3
3.º Trimestre de 2021,15: Algarve,4040.0,2021,3,20213,2021-Q3
3.º Trimestre de 2021,2: Região Autónoma dos Açores,726.0,2021,3,20213,2021-Q3
3.º Trimestre de 2021,20: Região Autónoma dos Açores,726.0,2021,3,20213,2021-Q3
3.º Trimestre de 2021,3: Região Autónoma da Madeira,877.0,2021,3,20213,2021-Q3
3.º Trimestre de 2021,30: Região Autónoma da Madeira,877.0,2021,3,20213,2021-Q3
2.º Trimestre de 2021,PT: Portugal,41736.0,2021,2,20212,2021-Q2
2.º Trimestre de 2021,1: Continente,40092.0,2021,2,20212,2021-Q2
2.º Trimestre de 2021,11: Norte,11887.0,2021,2,20212,2021-Q2
2.º Trimestre de 2021,19: Centro,5761.0,2021,2,20212,2021-Q2
2.º Trimestre de 2021,1D: Oeste e Vale do Tejo,3968.0,2021,2,20212,2021-Q2
2.º Trimestre de 2021,1A: Grande Lisboa,8360.0,2021,2,20212,2021-Q2
2.º Trimestre de 2021,1B: Península de Setúbal,4611.0,2021,2,20212,2021-Q2
2.º Trimestre de 2021,1C: Alentejo,2052.0,2021,2,20212,2021-Q2
2.º Trimestre de 2021,15: Algarve,3453.0,2021,2,20212,2021-Q2
2.º Trimestre de 2021,2: Região Autónoma dos Açores,684.0,2021,2,20212,2021-Q2
2.º Trimestre de 2021,20: Região Autónoma dos Açores,684.0,2021,2,20212,2021-Q2
2.º Trimestre de 2021,3: Região Autónoma da Madeira,960.0,2021,2,20212,2021-Q2
2.º Trimestre de 2021,30: Região Autónoma da Madeira,960.0,2021,2,20212,2021-Q2
1.º Trimestre de 2021,PT: Portugal,34614.0,2021,1,20211,2021-Q1
1.º Trimestre de 2021,1: Continente,33350.0,2021,1,20211,2021-Q1
1.º Trimestre de 2021,11: Norte,10127.0,2021,1,20211,2021-Q1
1.º Trimestre de 2021,19: Centro,4707.0,2021,1,20211,2021-Q1
1.º Trimestre de 2021,1D: Oeste e Vale do Tejo,3143.0,2021,1,20211,2021-Q1
1.º Trimestre de 2021,1A: Grande Lisboa,7201.0,2021,1,20211,2021-Q1
1.º Trimestre de 2021,1B: Península de Setúbal,3817.0,2021,1,20211,2021-Q1
1.º Trimestre de 2021,1C: Alentejo,1598.0,2021,1,20211,2021-Q1
1.º Trimestre de 2021,15: Algarve,2757.0,2021,1,20211,2021-Q1
1.º Trimestre de 2021,2: Região Autónoma dos Açores,510.0,2021,1,20211,2021-Q1
1.º Trimestre de 2021,20: Região Autónoma dos Açores,510.0,2021,1,20211,2021-Q1
1.º Trimestre de 2021,3: Região Autónoma da Madeira,754.0,2021,1,20211,2021-Q1
1.º Trimestre de 2021,30: Região Autónoma da Madeira,754.0,2021,1,20211,2021-Q1
4.º Trimestre de 2020,PT: Portugal,39139.0,2020,4,20204,2020-Q4
4.º Trimestre de 2020,1: Continente,37748.0,2020,4,20204,2020-Q4
4.º Trimestre de 2020,11: Norte,11313.0,2020,4,20204,2020-Q4
4.º Trimestre de 2020,19: Centro,5600.0,2020,4,20204,2020-Q4
4.º Trimestre de 2020,1D: Oeste e Vale do Tejo,3699.0,2020,4,20204,2020-Q4
4.º Trimestre de 2020,1A: Grande Lisboa,7572.0,2020,4,20204,2020-Q4
4.º Trimestre de 2020,1B: Península de Setúbal,4370.0,2020,4,20204,2020-Q4
4.º Trimestre de 2020,1C: Alentejo,2017.0,2020,4,20204,2020-Q4
4.º Trimestre de 2020,15: Algarve,3177.0,2020,4,20204,2020-Q4
4.º Trimestre de 2020,2: Região Autónoma dos Açores,607.0,2020,4,20204,2020-Q4
4.º Trimestre de 2020,20: Região Autónoma dos Açores,607.0,2020,4,20204,2020-Q4
4.º Trimestre de 2020,3: Região Autónoma da Madeira,784.0,2020,4,20204,2020-Q4
4.º Trimestre de 2020,30: Região Autónoma da Madeira,784.0,2020,4,20204,2020-Q4
3.º Trimestre de 2020,PT: Portugal,35596.0,2020,3,20203,2020-Q3
3.º Trimestre de 2020,1: Continente,34315.0,2020,3,20203,2020-Q3
3.º Trimestre de 2020,11: Norte,10669.0,2020,3,20203,2020-Q3
3.º Trimestre de 2020,19: Centro,5374.0,2020,3,20203,2020-Q3
3.º Trimestre de 2020,1D: Oeste e Vale do Tejo,3208.0,2020,3,20203,2020-Q3
3.º Trimestre de 2020,1A: Grande Lisboa,6832.0,2020,3,20203,2020-Q3
3.º Trimestre de 2020,1B: Península de Setúbal,3695.0,2020,3,20203,2020-Q3
3.º Trimestre de 2020,1C: Alentejo,1730.0,2020,3,20203,2020-Q3
3.º Trimestre de 2020,15: Algarve,2807.0,2020,3,20203,2020-Q3
3.º Trimestre de 2020,2: Região Autónoma dos Açores,555.0,2020,3,20203,2020-Q3
3.º Trimestre de 2020,20: Região Autónoma dos Açores,555.0,2020,3,20203,2020-Q3
3.º Trimestre de 2020,3: Região Autónoma da Madeira,726.0,2020,3,20203,2020-Q3
3.º Trimestre de 2020,30: Região Autónoma da Madeira,726.0,2020,3,20203,2020-Q3
2.º Trimestre de 2020,PT: Portugal,26379.0,2020,2,20202,2020-Q2
2.º Trimestre de 2020,1: Continente,25500.0,2020,2,20202,2020-Q2
2.º Trimestre de 2020,11: Norte,7784.0,2020,2,20202,2020-Q2
2.º Trimestre de 2020,19: Centro,3620.0,2020,2,20202,2020-Q2
2.º Trimestre de 2020,1D: Oeste e Vale do Tejo,2246.0,2020,2,20202,2020-Q2
2.º Trimestre de 2020,1A: Grande Lisboa,5713.0,2020,2,20202,2020-Q2
2.º Trimestre de 2020,1B: Península de Setúbal,2917.0,2020,2,20202,2020-Q2
2.º Trimestre de 2020,1C: Alentejo,1252.0,2020,2,20202,2020-Q2
2.º Trimestre de 2020,15: Algarve,1968.0,2020,2,20202,2020-Q2
2.º Trimestre de 2020,2: Região Autónoma dos Açores,435.0,2020,2,20202,2020-Q2
2.º Trimestre de 2020,20: Região Autónoma dos Açores,435.0,2020,2,20202,2020-Q2
2.º Trimestre de 2020,3: Região Autónoma da Madeira,444.0,2020,2,20202,2020-Q2
2.º Trimestre de 2020,30: Região Autónoma da Madeira,444.0,2020,2,20202,2020-Q2
1.º Trimestre de 2020,PT: Portugal,36399.0,2020,1,20201,2020-Q1
1.º Trimestre de 2020,1: Continente,34979.0,2020,1,20201,2020-Q1
1.º Trimestre de 2020,11: Norte,10347.0,2020,1,20201,2020-Q1
1.º Trimestre de 2020,19: Centro,4577.0,2020,1,20201,2020-Q1
1.º Trimestre de 2020,1D: Oeste e Vale do Tejo,2965.0,2020,1,20201,2020-Q1
1.º Trimestre de 2020,1A: Grande Lisboa,8344.0,2020,1,20201,2020-Q1
1.º Trimestre de 2020,1B: Península de Setúbal,3943.0,2020,1,20201,2020-Q1
1.º Trimestre de 2020,1C: Alentejo,1481.0,2020,1,20201,2020-Q1
1.º Trimestre de 2020,15: Algarve,3322.0,2020,1,20201,2020-Q1
1.º Trimestre de 2020,2: Região Autónoma dos Açores,668.0,2020,1,20201,2020-Q1
1.º Trimestre de 2020,20: Região Autónoma dos Açores,668.0,2020,1,20201,2020-Q1
1.º Trimestre de 2020,3: Região Autónoma da Madeira,752.0,2020,1,20201,2020-Q1
1.º Trimestre de 2020,30: Região Autónoma da Madeira,752.0,2020,1,20201,2020-Q1
4.º Trimestre de 2019,PT: Portugal,41676.0,2019,4,20194,2019-Q4
4.º Trimestre de 2019,1: Continente,40286.0,2019,4,20194,2019-Q4
4.º Trimestre de 2019,11: Norte,11849.0,2019,4,20194,2019-Q4
4.º Trimestre de 2019,19: Centro,5711.0,2019,4,20194,2019-Q4
4.º Trimestre de 2019,1D: Oeste e Vale do Tejo,3453.0,2019,4,20194,2019-Q4
4.º Trimestre de 2019,1A: Grande Lisboa,9016.0,2019,4,20194,2019-Q4
4.º Trimestre de 2019,1B: Península de Setúbal,4658.0,2019,4,20194,2019-Q4
4.º Trimestre de 2019,1C: Alentejo,1792.0,2019,4,20194,2019-Q4
4.º Trimestre de 2019,15: Algarve,3807.0,2019,4,20194,2019-Q4
4.º Trimestre de 2019,2: Região Autónoma dos Açores,616.0,2019,4,20194,2019-Q4
4.º Trimestre de 2019,20: Região Autónoma dos Açores,616.0,2019,4,20194,2019-Q4
4.º Trimestre de 2019,3: Região Autónoma da Madeira,774.0,2019,4,20194,2019-Q4
4.º Trimestre de 2019,30: Região Autónoma da Madeira,774.0,2019,4,20194,2019-Q4
3.º Trimestre de 2019,PT: Portugal,39554.0,2019,3,20193,2019-Q3
3.º Trimestre de 2019,1: Continente,38118.0,2019,3,20193,2019-Q3
3.º Trimestre de 2019,11: Norte,11433.0,2019,3,20193,2019-Q3
3.º Trimestre de 2019,19: Centro,5359.0,2019,3,20193,2019-Q3
3.º Trimestre de 2019,1D: Oeste e Vale do Tejo,3406.0,2019,3,20193,2019-Q3
3.º Trimestre de 2019,1A: Grande Lisboa,8617.0,2019,3,20193,2019-Q3
3.º Trimestre de 2019,1B: Península de Setúbal,4202.0,2019,3,20193,2019-Q3
3.º Trimestre de 2019,1C: Alentejo,1827.0,2019,3,20193,2019-Q3
3.º Trimestre de 2019,15: Algarve,3274.0,2019,3,20193,2019-Q3
3.º Trimestre de 2019,2: Região Autónoma dos Açores,709.0,2019,3,20193,2019-Q3
3.º Trimestre de 2019,20: Região Autónoma dos Açores,709.0,2019,3,20193,2019-Q3
3.º Trimestre de 2019,3: Região Autónoma da Madeira,727.0,2019,3,20193,2019-Q3
3.º Trimestre de 2019,30: Região Autónoma da Madeira,727.0,2019,3,20193,2019-Q3
2.º Trimestre de 2019,PT: Portugal,36681.0,2019,2,20192,2019-Q2
2.º Trimestre de 2019,1: Continente,35480.0,2019,2,20192,2019-Q2
2.º Trimestre de 2019,11: Norte,10413.0,2019,2,20192,2019-Q2
2.º Trimestre de 2019,19: Centro,4713.0,2019,2,20192,2019-Q2
2.º Trimestre de 2019,1D: Oeste e Vale do Tejo,2941.0,2019,2,20192,2019-Q2
2.º Trimestre de 2019,1A: Grande Lisboa,8280.0,2019,2,20192,2019-Q2
2.º Trimestre de 2019,1B: Península de Setúbal,4139.0,2019,2,20192,2019-Q2
2.º Trimestre de 2019,1C: Alentejo,1533.0,2019,2,20192,2019-Q2
2.º Trimestre de 2019,15: Algarve,3461.0,2019,2,20192,2019-Q2
2.º Trimestre de 2019,2: Região Autónoma dos Açores,587.0,2019,2,20192,2019-Q2
2.º Trimestre de 2019,20: Região Autónoma dos Açores,587.0,2019,2,20192,2019-Q2
2.º Trimestre de 2019,3: Região Autónoma da Madeira,614.0,2019,2,20192,2019-Q2
2.º Trimestre de 2019,30: Região Autónoma da Madeira,614.0,2019,2,20192,2019-Q2
1.º Trimestre de 2019,PT: Portugal,36954.0,2019,1,20191,2019-Q1
1.º Trimestre de 2019,1: Continente,35695.0,2019,1,20191,2019-Q1
1.º Trimestre de 2019,11: Norte,10487.0,2019,1,20191,2019-Q1
1.º Trimestre de 2019,19: Centro,4727.0,2019,1,20191,2019-Q1
1.º Trimestre de 2019,1D: Oeste e Vale do Tejo,2919.0,2019,1,20191,2019-Q1
1.º Trimestre de 2019,1A: Grande Lisboa,8482.0,2019,1,20191,2019-Q1
1.º Trimestre de 2019,1B: Península de Setúbal,4149.0,2019,1,20191,2019-Q1
1.º Trimestre de 2019,1C: Alentejo,1493.0,2019,1,20191,2019-Q1
1.º Trimestre de 2019,15: Algarve,3438.0,2019,1,20191,2019-Q1
1.º Trimestre de 2019,2: Região Autónoma dos Açores,575.0,2019,1,20191,2019-Q1
1.º Trimestre de 2019,20: Região Autónoma dos Açores,575.0,2019,1,20191,2019-Q1
1.º Trimestre de 2019,3: Região Autónoma da Madeira,684.0,2019,1,20191,2019-Q1
1.º Trimestre de 2019,30: Região Autónoma da Madeira,684.0,2019,1,20191,2019-Q1
4.º Trimestre de 2018,PT: Portugal,39066.0,2018,4,20184,2018-Q4
4.º Trimestre de 2018,1: Continente,37696.0,2018,4,20184,2018-Q4
4.º Trimestre de 2018,11: Norte,11798.0,2018,4,20184,2018-Q4
4.º Trimestre de 2018,19: Centro,5137.0,2018,4,20184,2018-Q4
4.º Trimestre de 2018,1D: Oeste e Vale do Tejo,3120.0,2018,4,20184,2018-Q4
4.º Trimestre de 2018,1A: Grande Lisboa,8242.0,2018,4,20184,2018-Q4
4.º Trimestre de 2018,1B: Península de Setúbal,4275.0,2018,4,20184,2018-Q4
4.º Trimestre de 2018,1C: Alentejo,1754.0,2018,4,20184,2018-Q4
4.º Trimestre de 2018,15: Algarve,3371.0,2018,4,20184,2018-Q4
4.º Trimestre de 2018,2: Região Autónoma dos Açores,661.0,2018,4,20184,2018-Q4
4.º Trimestre de 2018,20: Região Autónoma dos Açores,661.0,2018,4,20184,2018-Q4
4.º Trimestre de 2018,3: Região Autónoma da Madeira,709.0,2018,4,20184,2018-Q4
4.º Trimestre de 2018,30: Região Autónoma da Madeira,709.0,2018,4,20184,2018-Q4
3.º Trimestre de 2018,PT: Portugal,38964.0,2018,3,20183,2018-Q3
3.º Trimestre de 2018,1: Continente,37676.0,2018,3,20183,2018-Q3
3.º Trimestre de 2018,11: Norte,11574.0,2018,3,20183,2018-Q3
3.º Trimestre de 2018,19: Centro,4996.0,2018,3,20183,2018-Q3
3.º Trimestre de 2018,1D: Oeste e Vale do Tejo,2853.0,2018,3,20183,2018-Q3
3.º Trimestre de 2018,1A: Grande Lisboa,8766.0,2018,3,20183,2018-Q3
3.º Trimestre de 2018,1B: Península de Setúbal,4547.0,2018,3,20183,2018-Q3
3.º Trimestre de 2018,1C: Alentejo,1631.0,2018,3,20183,2018-Q3
3.º Trimestre de 2018,15: Algarve,3309.0,2018,3,20183,2018-Q3
3.º Trimestre de 2018,2: Região Autónoma dos Açores,567.0,2018,3,20183,2018-Q3
3.º Trimestre de 2018,20: Região Autónoma dos Açores,567.0,2018,3,20183,2018-Q3
3.º Trimestre de 2018,3: Região Autónoma da Madeira,722.0,2018,3,20183,2018-Q3
3.º Trimestre de 2018,30: Região Autónoma da Madeira,722.0,2018,3,20183,2018-Q3
2.º Trimestre de 2018,PT: Portugal,38730.0,2018,2,20182,2018-Q2
2.º Trimestre de 2018,1: Continente,37557.0,2018,2,20182,2018-Q2
2.º Trimestre de 2018,11: Norte,11308.0,2018,2,20182,2018-Q2
2.º Trimestre de 2018,19: Centro,4773.0,2018,2,20182,2018-Q2
2.º Trimestre de 2018,1D: Oeste e Vale do Tejo,2829.0,2018,2,20182,2018-Q2
2.º Trimestre de 2018,1A: Grande Lisboa,9335.0,2018,2,20182,2018-Q2
2.º Trimestre de 2018,1B: Península de Setúbal,3947.0,2018,2,20182,2018-Q2
2.º Trimestre de 2018,1C: Alentejo,1594.0,2018,2,20182,2018-Q2
2.º Trimestre de 2018,15: Algarve,3771.0,2018,2,20182,2018-Q2
2.º Trimestre de 2018,2: Região Autónoma dos Açores,573.0,2018,2,20182,2018-Q2
2.º Trimestre de 2018,20: Região Autónoma dos Açores,573.0,2018,2,20182,2018-Q2
2.º Trimestre de 2018,3: Região Autónoma da Madeira,600.0,2018,2,20182,2018-Q2
2.º Trimestre de 2018,30: Região Autónoma da Madeira,600.0,2018,2,20182,2018-Q2
1.º Trimestre de 2018,PT: Portugal,34449.0,2018,1,20181,2018-Q1
1.º Trimestre de 2018,1: Continente,33345.0,2018,1,20181,2018-Q1
1.º Trimestre de 2018,11: Norte,9982.0,2018,1,20181,2018-Q1
1.º Trimestre de 2018,19: Centro,4022.0,2018,1,20181,2018-Q1
1.º Trimestre de 2018,1D: Oeste e Vale do Tejo,2567.0,2018,1,20181,2018-Q1
1.º Trimestre de 2018,1A: Grande Lisboa,8467.0,2018,1,20181,2018-Q1
1.º Trimestre de 2018,1B: Península de Setúbal,3401.0,2018,1,20181,2018-Q1
1.º Trimestre de 2018,1C: Alentejo,1316.0,2018,1,20181,2018-Q1
1.º Trimestre de 2018,15: Algarve,3591.0,2018,1,20181,2018-Q1
1.º Trimestre de 2018,2: Região Autónoma dos Açores,482.0,2018,1,20181,2018-Q1
1.º Trimestre de 2018,20: Região Autónoma dos Açores,482.0,2018,1,20181,2018-Q1
1.º Trimestre de 2018,3: Região Autónoma da Madeira,623.0,2018,1,20181,2018-Q1
1.º Trimestre de 2018,30: Região Autónoma da Madeira,623.0,2018,1,20181,2018-Q1
4.º Trimestre de 2017,PT: Portugal,35940.0,2017,4,20174,2017-Q4
4.º Trimestre de 2017,1: Continente,34717.0,2017,4,20174,2017-Q4
4.º Trimestre de 2017,11: Norte,10295.0,2017,4,20174,2017-Q4
4.º Trimestre de 2017,19: Centro,4518.0,2017,4,20174,2017-Q4
4.º Trimestre de 2017,1D: Oeste e Vale do Tejo,2616.0,2017,4,20174,2017-Q4
4.º Trimestre de 2017,1A: Grande Lisboa,8440.0,2017,4,20174,2017-Q4
4.º Trimestre de 2017,1B: Península de Setúbal,3684.0,2017,4,20174,2017-Q4
4.º Trimestre de 2017,1C: Alentejo,1451.0,2017,4,20174,2017-Q4
4.º Trimestre de 2017,15: Algarve,3712.0,2017,4,20174,2017-Q4
4.º Trimestre de 2017,2: Região Autónoma dos Açores,567.0,2017,4,20174,2017-Q4
4.º Trimestre de 2017,20: Região Autónoma dos Açores,567.0,2017,4,20174,2017-Q4
4.º Trimestre de 2017,3: Região Autónoma da Madeira,656.0,2017,4,20174,2017-Q4
4.º Trimestre de 2017,30: Região Autónoma da Madeira,656.0,2017,4,20174,2017-Q4
3.º Trimestre de 2017,PT: Portugal,32722.0,2017,3,20173,2017-Q3
3.º Trimestre de 2017,1: Continente,31560.0,2017,3,20173,2017-Q3
3.º Trimestre de 2017,11: Norte,9788.0,2017,3,20173,2017-Q3
3.º Trimestre de 2017,19: Centro,4191.0,2017,3,20173,2017-Q3
3.º Trimestre de 2017,1D: Oeste e Vale do Tejo,2363.0,2017,3,20173,2017-Q3
3.º Trimestre de 2017,1A: Grande Lisboa,7655.0,2017,3,20173,2017-Q3
3.º Trimestre de 2017,1B: Península de Setúbal,3116.0,2017,3,20173,2017-Q3
3.º Trimestre de 2017,1C: Alentejo,1317.0,2017,3,20173,2017-Q3
3.º Trimestre de 2017,15: Algarve,3130.0,2017,3,20173,2017-Q3
3.º Trimestre de 2017,2: Região Autónoma dos Açores,489.0,2017,3,20173,2017-Q3
3.º Trimestre de 2017,20: Região Autónoma dos Açores,489.0,2017,3,20173,2017-Q3
3.º Trimestre de 2017,3: Região Autónoma da Madeira,673.0,2017,3,20173,2017-Q3
3.º Trimestre de 2017,30: Região Autónoma da Madeira,673.0,2017,3,20173,2017-Q3
2.º Trimestre de 2017,PT: Portugal,31197.0,2017,2,20172,2017-Q2
2.º Trimestre de 2017,1: Continente,30202.0,2017,2,20172,2017-Q2
2.º Trimestre de 2017,11: Norte,8997.0,2017,2,20172,2017-Q2
2.º Trimestre de 2017,19: Centro,3761.0,2017,2,20172,2017-Q2
2.º Trimestre de 2017,1D: Oeste e Vale do Tejo,2117.0,2017,2,20172,2017-Q2
2.º Trimestre de 2017,1A: Grande Lisboa,7840.0,2017,2,20172,2017-Q2
2.º Trimestre de 2017,1B: Península de Setúbal,2910.0,2017,2,20172,2017-Q2
2.º Trimestre de 2017,1C: Alentejo,1212.0,2017,2,20172,2017-Q2
2.º Trimestre de 2017,15: Algarve,3366.0,2017,2,20172,2017-Q2
2.º Trimestre de 2017,2: Região Autónoma dos Açores,439.0,2017,2,20172,2017-Q2
2.º Trimestre de 2017,20: Região Autónoma dos Açores,439.0,2017,2,20172,2017-Q2
2.º Trimestre de 2017,3: Região Autónoma da Madeira,556.0,2017,2,20172,2017-Q2
2.º Trimestre de 2017,30: Região Autónoma da Madeira,556.0,2017,2,20172,2017-Q2
1.º Trimestre de 2017,PT: Portugal,29975.0,2017,1,20171,2017-Q1
1.º Trimestre de 2017,1: Continente,28842.0,2017,1,20171,2017-Q1
1.º Trimestre de 2017,11: Norte,8716.0,2017,1,20171,2017-Q1
1.º Trimestre de 2017,19: Centro,3662.0,2017,1,20171,2017-Q1
1.º Trimestre de 2017,1D: Oeste e Vale do Tejo,2187.0,2017,1,20171,2017-Q1
1.º Trimestre de 2017,1A: Grande Lisboa,7424.0,2017,1,20171,2017-Q1
1.º Trimestre de 2017,1B: Península de Setúbal,2665.0,2017,1,20171,2017-Q1
1.º Trimestre de 2017,1C: Alentejo,1116.0,2017,1,20171,2017-Q1
1.º Trimestre de 2017,15: Algarve,3071.0,2017,1,20171,2017-Q1
1.º Trimestre de 2017,2: Região Autónoma dos Açores,517.0,2017,1,20171,2017-Q1
1.º Trimestre de 2017,20: Região Autónoma dos Açores,517.0,2017,1,20171,2017-Q1
1.º Trimestre de 2017,3: Região Autónoma da Madeira,616.0,2017,1,20171,2017-Q1
1.º Trimestre de 2017,30: Região Autónoma da Madeira,616.0,2017,1,20171,2017-Q1
4.º Trimestre de 2016,PT: Portugal,28999.0,2016,4,20164,2016-Q4
4.º Trimestre de 2016,1: Continente,28001.0,2016,4,20164,2016-Q4
4.º Trimestre de 2016,11: Norte,8333.0,2016,4,20164,2016-Q4
4.º Trimestre de 2016,19: Centro,3588.0,2016,4,20164,2016-Q4
4.º Trimestre de 2016,1D: Oeste e Vale do Tejo,2003.0,2016,4,20164,2016-Q4
4.º Trimestre de 2016,1A: Grande Lisboa,7088.0,2016,4,20164,2016-Q4
4.º Trimestre de 2016,1B: Península de Setúbal,2569.0,2016,4,20164,2016-Q4
4.º Trimestre de 2016,1C: Alentejo,1199.0,2016,4,20164,2016-Q4
4.º Trimestre de 2016,15: Algarve,3221.0,2016,4,20164,2016-Q4
4.º Trimestre de 2016,2: Região Autónoma dos Açores,451.0,2016,4,20164,2016-Q4
4.º Trimestre de 2016,20: Região Autónoma dos Açores,451.0,2016,4,20164,2016-Q4
4.º Trimestre de 2016,3: Região Autónoma da Madeira,547.0,2016,4,20164,2016-Q4
4.º Trimestre de 2016,30: Região Autónoma da Madeira,547.0,2016,4,20164,2016-Q4
3.º Trimestre de 2016,PT: Portugal,26675.0,2016,3,20163,2016-Q3
3.º Trimestre de 2016,1: Continente,25716.0,2016,3,20163,2016-Q3
3.º Trimestre de 2016,11: Norte,7952.0,2016,3,20163,2016-Q3
3.º Trimestre de 2016,19: Centro,3407.0,2016,3,20163,2016-Q3
3.º Trimestre de 2016,1D: Oeste e Vale do Tejo,1854.0,2016,3,20163,2016-Q3
3.º Trimestre de 2016,1A: Grande Lisboa,6535.0,2016,3,20163,2016-Q3
3.º Trimestre de 2016,1B: Península de Setúbal,2270.0,2016,3,20163,2016-Q3
3.º Trimestre de 2016,1C: Alentejo,1032.0,2016,3,20163,2016-Q3
3.º Trimestre de 2016,15: Algarve,2666.0,2016,3,20163,2016-Q3
3.º Trimestre de 2016,2: Região Autónoma dos Açores,461.0,2016,3,20163,2016-Q3
3.º Trimestre de 2016,20: Região Autónoma dos Açores,461.0,2016,3,20163,2016-Q3
3.º Trimestre de 2016,3: Região Autónoma da Madeira,499.0,2016,3,20163,2016-Q3
3.º Trimestre de 2016,30: Região Autónoma da Madeira,499.0,2016,3,20163,2016-Q3
2.º Trimestre de 2016,PT: Portugal,26890.0,2016,2,20162,2016-Q2
2.º Trimestre de 2016,1: Continente,25997.0,2016,2,20162,2016-Q2
2.º Trimestre de 2016,11: Norte,7580.0,2016,2,20162,2016-Q2
2.º Trimestre de 2016,19: Centro,3227.0,2016,2,20162,2016-Q2
2.º Trimestre de 2016,1D: Oeste e Vale do Tejo,1932.0,2016,2,20162,2016-Q2
2.º Trimestre de 2016,1A: Grande Lisboa,6818.0,2016,2,20162,2016-Q2
2.º Trimestre de 2016,1B: Península de Setúbal,2365.0,2016,2,20162,2016-Q2
2.º Trimestre de 2016,1C: Alentejo,1098.0,2016,2,20162,2016-Q2
2.º Trimestre de 2016,15: Algarve,2976.0,2016,2,20162,2016-Q2
2.º Trimestre de 2016,2: Região Autónoma dos Açores,403.0,2016,2,20162,2016-Q2
2.º Trimestre de 2016,20: Região Autónoma dos Açores,403.0,2016,2,20162,2016-Q2
2.º Trimestre de 2016,3: Região Autónoma da Madeira,489.0,2016,2,20162,2016-Q2
2.º Trimestre de 2016,30: Região Autónoma da Madeira,489.0,2016,2,20162,2016-Q2
1.º Trimestre de 2016,PT: Portugal,24926.0,2016,1,20161,2016-Q1
1.º Trimestre de 2016,1: Continente,24040.0,2016,1,20161,2016-Q1
1.º Trimestre de 2016,11: Norte,7328.0,2016,1,20161,2016-Q1
1.º Trimestre de 2016,19: Centro,2983.0,2016,1,20161,2016-Q1
1.º Trimestre de 2016,1D: Oeste e Vale do Tejo,1698.0,2016,1,20161,2016-Q1
1.º Trimestre de 2016,1A: Grande Lisboa,6205.0,2016,1,20161,2016-Q1
1.º Trimestre de 2016,1B: Península de Setúbal,2327.0,2016,1,20161,2016-Q1
1.º Trimestre de 2016,1C: Alentejo,917.0,2016,1,20161,2016-Q1
1.º Trimestre de 2016,15: Algarve,2581.0,2016,1,20161,2016-Q1
1.º Trimestre de 2016,2: Região Autónoma dos Açores,364.0,2016,1,20161,2016-Q1
1.º Trimestre de 2016,20: Região Autónoma dos Açores,364.0,2016,1,20161,2016-Q1
1.º Trimestre de 2016,3: Região Autónoma da Madeira,523.0,2016,1,20161,2016-Q1
1.º Trimestre de 2016,30: Região Autónoma da Madeira,523.0,2016,1,20161,2016-Q1
4.º Trimestre de 2015,PT: Portugal,25205.0,2015,4,20154,2015-Q4
4.º Trimestre de 2015,1: Continente,24304.0,2015,4,20154,2015-Q4
4.º Trimestre de 2015,11: Norte,7351.0,2015,4,20154,2015-Q4
4.º Trimestre de 2015,19: Centro,3165.0,2015,4,20154,2015-Q4
4.º Trimestre de 2015,1D: Oeste e Vale do Tejo,1937.0,2015,4,20154,2015-Q4
4.º Trimestre de 2015,1A: Grande Lisboa,5875.0,2015,4,20154,2015-Q4
4.º Trimestre de 2015,1B: Península de Setúbal,2276.0,2015,4,20154,2015-Q4
4.º Trimestre de 2015,1C: Alentejo,951.0,2015,4,20154,2015-Q4
4.º Trimestre de 2015,15: Algarve,2749.0,2015,4,20154,2015-Q4
4.º Trimestre de 2015,2: Região Autónoma dos Açores,423.0,2015,4,20154,2015-Q4
4.º Trimestre de 2015,20: Região Autónoma dos Açores,423.0,2015,4,20154,2015-Q4
4.º Trimestre de 2015,3: Região Autónoma da Madeira,478.0,2015,4,20154,2015-Q4
4.º Trimestre de 2015,30: Região Autónoma da Madeira,478.0,2015,4,20154,2015-Q4
3.º Trimestre de 2015,PT: Portugal,22928.0,2015,3,20153,2015-Q3
3.º Trimestre de 2015,1: Continente,22155.0,2015,3,20153,2015-Q3
3.º Trimestre de 2015,11: Norte,6678.0,2015,3,20153,2015-Q3
3.º Trimestre de 2015,19: Centro,2940.0,2015,3,20153,2015-Q3
3.º Trimestre de 2015,1D: Oeste e Vale do Tejo,1644.0,2015,3,20153,2015-Q3
3.º Trimestre de 2015,1A: Grande Lisboa,5495.0,2015,3,20153,2015-Q3
3.º Trimestre de 2015,1B: Península de Setúbal,1906.0,2015,3,20153,2015-Q3
3.º Trimestre de 2015,1C: Alentejo,898.0,2015,3,20153,2015-Q3
3.º Trimestre de 2015,15: Algarve,2594.0,2015,3,20153,2015-Q3
3.º Trimestre de 2015,2: Região Autónoma dos Açores,353.0,2015,3,20153,2015-Q3
3.º Trimestre de 2015,20: Região Autónoma dos Açores,353.0,2015,3,20153,2015-Q3
3.º Trimestre de 2015,3: Região Autónoma da Madeira,420.0,2015,3,20153,2015-Q3
3.º Trimestre de 2015,30: Região Autónoma da Madeira,420.0,2015,3,20153,2015-Q3
2.º Trimestre de 2015,PT: Portugal,20614.0,2015,2,20152,2015-Q2
2.º Trimestre de 2015,1: Continente,19956.0,2015,2,20152,2015-Q2
2.º Trimestre de 2015,11: Norte,5995.0,2015,2,20152,2015-Q2
2.º Trimestre de 2015,19: Centro,2603.0,2015,2,20152,2015-Q2
2.º Trimestre de 2015,1D: Oeste e Vale do Tejo,1528.0,2015,2,20152,2015-Q2
2.º Trimestre de 2015,1A: Grande Lisboa,4948.0,2015,2,20152,2015-Q2
2.º Trimestre de 2015,1B: Península de Setúbal,1762.0,2015,2,20152,2015-Q2
2.º Trimestre de 2015,1C: Alentejo,789.0,2015,2,20152,2015-Q2
2.º Trimestre de 2015,15: Algarve,2332.0,2015,2,20152,2015-Q2
2.º Trimestre de 2015,2: Região Autónoma dos Açores,273.0,2015,2,20152,2015-Q2
2.º Trimestre de 2015,20: Região Autónoma dos Açores,273.0,2015,2,20152,2015-Q2
2.º Trimestre de 2015,3: Região Autónoma da Madeira,384.0,2015,2,20152,2015-Q2
2.º Trimestre de 2015,30: Região Autónoma da Madeira,384.0,2015,2,20152,2015-Q2
1.º Trimestre de 2015,PT: Portugal,21762.0,2015,1,20151,2015-Q1
1.º Trimestre de 2015,1: Continente,20858.0,2015,1,20151,2015-Q1
1.º Trimestre de 2015,11: Norte,6307.0,2015,1,20151,2015-Q1
1.º Trimestre de 2015,19: Centro,2766.0,2015,1,20151,2015-Q1
1.º Trimestre de 2015,1D: Oeste e Vale do Tejo,1641.0,2015,1,20151,2015-Q1
1.º Trimestre de 2015,1A: Grande Lisboa,4934.0,2015,1,20151,2015-Q1
1.º Trimestre de 2015,1B: Península de Setúbal,1781.0,2015,1,20151,2015-Q1
1.º Trimestre de 2015,1C: Alentejo,791.0,2015,1,20151,2015-Q1
1.º Trimestre de 2015,15: Algarve,2637.0,2015,1,20151,2015-Q1
1.º Trimestre de 2015,2: Região Autónoma dos Açores,268.0,2015,1,20151,2015-Q1
1.º Trimestre de 2015,20: Região Autónoma dos Açores,268.0,2015,1,20151,2015-Q1
1.º Trimestre de 2015,3: Região Autónoma da Madeira,636.0,2015,1,20151,2015-Q1
1.º Trimestre de 2015,30: Região Autónoma da Madeira,636.0,2015,1,20151,2015-Q1
4.º Trimestre de 2014,PT: Portugal,21015.0,2014,4,20144,2014-Q4
4.º Trimestre de 2014,1: Continente,20201.0,2014,4,20144,2014-Q4
4.º Trimestre de 2014,11: Norte,6283.0,2014,4,20144,2014-Q4
4.º Trimestre de 2014,19: Centro,2847.0,2014,4,20144,2014-Q4
4.º Trimestre de 2014,1D: Oeste e Vale do Tejo,1548.0,2014,4,20144,2014-Q4
4.º Trimestre de 2014,1A: Grande Lisboa,4881.0,2014,4,20144,2014-Q4
4.º Trimestre de 2014,1B: Península de Setúbal,1617.0,2014,4,20144,2014-Q4
4.º Trimestre de 2014,1C: Alentejo,857.0,2014,4,20144,2014-Q4
4.º Trimestre de 2014,15: Algarve,2167.0,2014,4,20144,2014-Q4
4.º Trimestre de 2014,2: Região Autónoma dos Açores,429.0,2014,4,20144,2014-Q4
4.º Trimestre de 2014,20: Região Autónoma dos Açores,429.0,2014,4,20144,2014-Q4
4.º Trimestre de 2014,3: Região Autónoma da Madeira,385.0,2014,4,20144,2014-Q4
4.º Trimestre de 2014,30: Região Autónoma da Madeira,385.0,2014,4,20144,2014-Q4
3.º Trimestre de 2014,PT: Portugal,16970.0,2014,3,20143,2014-Q3
3.º Trimestre de 2014,1: Continente,16379.0,2014,3,20143,2014-Q3
3.º Trimestre de 2014,11: Norte,5029.0,2014,3,20143,2014-Q3
3.º Trimestre de 2014,19: Centro,2328.0,2014,3,20143,2014-Q3
3.º Trimestre de 2014,1D: Oeste e Vale do Tejo,1274.0,2014,3,20143,2014-Q3
3.º Trimestre de 2014,1A: Grande Lisboa,3993.0,2014,3,20143,2014-Q3
3.º Trimestre de 2014,1B: Península de Setúbal,1210.0,2014,3,20143,2014-Q3
3.º Trimestre de 2014,1C: Alentejo,637.0,2014,3,20143,2014-Q3
3.º Trimestre de 2014,15: Algarve,1907.0,2014,3,20143,2014-Q3
3.º Trimestre de 2014,2: Região Autónoma dos Açores,261.0,2014,3,20143,2014-Q3
3.º Trimestre de 2014,20: Região Autónoma dos Açores,261.0,2014,3,20143,2014-Q3
3.º Trimestre de 2014,3: Região Autónoma da Madeira,329.0,2014,3,20143,2014-Q3
3.º Trimestre de 2014,30: Região Autónoma da Madeira,329.0,2014,3,20143,2014-Q3
2.º Trimestre de 2014,PT: Portugal,16441.0,2014,2,20142,2014-Q2
2.º Trimestre de 2014,1: Continente,15880.0,2014,2,20142,2014-Q2
2.º Trimestre de 2014,11: Norte,4635.0,2014,2,20142,2014-Q2
2.º Trimestre de 2014,19: Centro,2126.0,2014,2,20142,2014-Q2
2.º Trimestre de 2014,1D: Oeste e Vale do Tejo,1306.0,2014,2,20142,2014-Q2
2.º Trimestre de 2014,1A: Grande Lisboa,3857.0,2014,2,20142,2014-Q2
2.º Trimestre de 2014,1B: Península de Setúbal,1420.0,2014,2,20142,2014-Q2
2.º Trimestre de 2014,1C: Alentejo,628.0,2014,2,20142,2014-Q2
2.º Trimestre de 2014,15: Algarve,1908.0,2014,2,20142,2014-Q2
2.º Trimestre de 2014,2: Região Autónoma dos Açores,236.0,2014,2,20142,2014-Q2
2.º Trimestre de 2014,20: Região Autónoma dos Açores,236.0,2014,2,20142,2014-Q2
2.º Trimestre de 2014,3: Região Autónoma da Madeira,324.0,2014,2,20142,2014-Q2
2.º Trimestre de 2014,30: Região Autónoma da Madeira,324.0,2014,2,20142,2014-Q2
1.º Trimestre de 2014,PT: Portugal,15413.0,2014,1,20141,2014-Q1
1.º Trimestre de 2014,1: Continente,14818.0,2014,1,20141,2014-Q1
1.º Trimestre de 2014,11: Norte,4488.0,2014,1,20141,2014-Q1
1.º Trimestre de 2014,19: Centro,1856.0,2014,1,20141,2014-Q1
1.º Trimestre de 2014,1D: Oeste e Vale do Tejo,1103.0,2014,1,20141,2014-Q1
1.º Trimestre de 2014,1A: Grande Lisboa,3754.0,2014,1,20141,2014-Q1
1.º Trimestre de 2014,1B: Península de Setúbal,1275.0,2014,1,20141,2014-Q1
1.º Trimestre de 2014,1C: Alentejo,636.0,2014,1,20141,2014-Q1
1.º Trimestre de 2014,15: Algarve,1706.0,2014,1,20141,2014-Q1
1.º Trimestre de 2014,2: Região Autónoma dos Açores,253.0,2014,1,20141,2014-Q1
1.º Trimestre de 2014,20: Região Autónoma dos Açores,253.0,2014,1,20141,2014-Q1
1.º Trimestre de 2014,3: Região Autónoma da Madeira,342.0,2014,1,20141,2014-Q1
1.º Trimestre de 2014,30: Região Autónoma da Madeira,342.0,2014,1,20141,2014-Q1
4.º Trimestre de 2013,PT: Portugal,20235.0,2013,4,20134,2013-Q4
4.º Trimestre de 2013,1: Continente,19487.0,2013,4,20134,2013-Q4
4.º Trimestre de 2013,11: Norte,5710.0,2013,4,20134,2013-Q4
4.º Trimestre de 2013,19: Centro,2632.0,2013,4,20134,2013-Q4
4.º Trimestre de 2013,1D: Oeste e Vale do Tejo,1647.0,2013,4,20134,2013-Q4
4.º Trimestre de 2013,1A: Grande Lisboa,4463.0,2013,4,20134,2013-Q4
4.º Trimestre de 2013,1B: Península de Setúbal,1800.0,2013,4,20134,2013-Q4
4.º Trimestre de 2013,1C: Alentejo,792.0,2013,4,20134,2013-Q4
4.º Trimestre de 2013,15: Algarve,2443.0,2013,4,20134,2013-Q4
4.º Trimestre de 2013,2: Região Autónoma dos Açores,344.0,2013,4,20134,2013-Q4
4.º Trimestre de 2013,20: Região Autónoma dos Açores,344.0,2013,4,20134,2013-Q4
4.º Trimestre de 2013,3: Região Autónoma da Madeira,404.0,2013,4,20134,2013-Q4
4.º Trimestre de 2013,30: Região Autónoma da Madeira,404.0,2013,4,20134,2013-Q4
3.º Trimestre de 2013,PT: Portugal,16646.0,2013,3,20133,2013-Q3
3.º Trimestre de 2013,1: Continente,16026.0,2013,3,20133,2013-Q3
3.º Trimestre de 2013,11: Norte,4981.0,2013,3,20133,2013-Q3
3.º Trimestre de 2013,19: Centro,2282.0,2013,3,20133,2013-Q3
3.º Trimestre de 2013,1D: Oeste e Vale do Tejo,1269.0,2013,3,20133,2013-Q3
3.º Trimestre de 2013,1A: Grande Lisboa,3588.0,2013,3,20133,2013-Q3
3.º Trimestre de 2013,1B: Península de Setúbal,1411.0,2013,3,20133,2013-Q3
3.º Trimestre de 2013,1C: Alentejo,605.0,2013,3,20133,2013-Q3
3.º Trimestre de 2013,15: Algarve,1890.0,2013,3,20133,2013-Q3
3.º Trimestre de 2013,2: Região Autónoma dos Açores,284.0,2013,3,20133,2013-Q3
3.º Trimestre de 2013,20: Região Autónoma dos Açores,284.0,2013,3,20133,2013-Q3
3.º Trimestre de 2013,3: Região Autónoma da Madeira,337.0,2013,3,20133,2013-Q3
3.º Trimestre de 2013,30: Região Autónoma da Madeira,337.0,2013,3,20133,2013-Q3
2.º Trimestre de 2013,PT: Portugal,16010.0,2013,2,20132,2013-Q2
2.º Trimestre de 2013,1: Continente,15470.0,2013,2,20132,2013-Q2
2.º Trimestre de 2013,11: Norte,4830.0,2013,2,20132,2013-Q2
2.º Trimestre de 2013,19: Centro,2194.0,2013,2,20132,2013-Q2
2.º Trimestre de 2013,1D: Oeste e Vale do Tejo,1262.0,2013,2,20132,2013-Q2
2.º Trimestre de 2013,1A: Grande Lisboa,3572.0,2013,2,20132,2013-Q2
2.º Trimestre de 2013,1B: Península de Setúbal,1399.0,2013,2,20132,2013-Q2
2.º Trimestre de 2013,1C: Alentejo,653.0,2013,2,20132,2013-Q2
2.º Trimestre de 2013,15: Algarve,1560.0,2013,2,20132,2013-Q2
2.º Trimestre de 2013,2: Região Autónoma dos Açores,204.0,2013,2,20132,2013-Q2
2.º Trimestre de 2013,20: Região Autónoma dos Açores,204.0,2013,2,20132,2013-Q2
2.º Trimestre de 2013,3: Região Autónoma da Madeira,336.0,2013,2,20132,2013-Q2
2.º Trimestre de 2013,30: Região Autónoma da Madeira,336.0,2013,2,20132,2013-Q2
1.º Trimestre de 2013,PT: Portugal,13167.0,2013,1,20131,2013-Q1
1.º Trimestre de 2013,1: Continente,12586.0,2013,1,20131,2013-Q1
1.º Trimestre de 2013,11: Norte,4102.0,2013,1,20131,2013-Q1
1.º Trimestre de 2013,19: Centro,1955.0,2013,1,20131,2013-Q1
1.º Trimestre de 2013,1D: Oeste e Vale do Tejo,988.0,2013,1,20131,2013-Q1
1.º Trimestre de 2013,1A: Grande Lisboa,2663.0,2013,1,20131,2013-Q1
1.º Trimestre de 2013,1B: Península de Setúbal,1149.0,2013,1,20131,2013-Q1
1.º Trimestre de 2013,1C: Alentejo,519.0,2013,1,20131,2013-Q1
1.º Trimestre de 2013,15: Algarve,1209.0,2013,1,20131,2013-Q1
1.º Trimestre de 2013,2: Região Autónoma dos Açores,205.0,2013,1,20131,2013-Q1
1.º Trimestre de 2013,20: Região Autónoma dos Açores,205.0,2013,1,20131,2013-Q1
1.º Trimestre de 2013,3: Região Autónoma da Madeira,376.0,2013,1,20131,2013-Q1
1.º Trimestre de 2013,30: Região Autónoma da Madeira,376.0,2013,1,20131,2013-Q1
4.º Trimestre de 2012,PT: Portugal,16489.0,2012,4,20124,2012-Q4
4.º Trimestre de 2012,1: Continente,15614.0,2012,4,20124,2012-Q4
4.º Trimestre de 2012,11: Norte,4972.0,2012,4,20124,2012-Q4
4.º Trimestre de 2012,19: Centro,2326.0,2012,4,20124,2012-Q4
4.º Trimestre de 2012,1D: Oeste e Vale do Tejo,1386.0,2012,4,20124,2012-Q4
4.º Trimestre de 2012,1A: Grande Lisboa,3252.0,2012,4,20124,2012-Q4
4.º Trimestre de 2012,1B: Península de Setúbal,1439.0,2012,4,20124,2012-Q4
4.º Trimestre de 2012,1C: Alentejo,663.0,2012,4,20124,2012-Q4
4.º Trimestre de 2012,15: Algarve,1576.0,2012,4,20124,2012-Q4
4.º Trimestre de 2012,2: Região Autónoma dos Açores,374.0,2012,4,20124,2012-Q4
4.º Trimestre de 2012,20: Região Autónoma dos Açores,374.0,2012,4,20124,2012-Q4
4.º Trimestre de 2012,3: Região Autónoma da Madeira,501.0,2012,4,20124,2012-Q4
4.º Trimestre de 2012,30: Região Autónoma da Madeira,501.0,2012,4,20124,2012-Q4
3.º Trimestre de 2012,PT: Portugal,15047.0,2012,3,20123,2012-Q3
3.º Trimestre de 2012,1: Continente,14442.0,2012,3,20123,2012-Q3
3.º Trimestre de 2012,11: Norte,4971.0,2012,3,20123,2012-Q3
3.º Trimestre de 2012,19: Centro,2326.0,2012,3,20123,2012-Q3
3.º Trimestre de 2012,1D: Oeste e Vale do Tejo,1181.0,2012,3,20123,2012-Q3
3.º Trimestre de 2012,1A: Grande Lisboa,2741.0,2012,3,20123,2012-Q3
3.º Trimestre de 2012,1B: Península de Setúbal,1199.0,2012,3,20123,2012-Q3
3.º Trimestre de 2012,1C: Alentejo,606.0,2012,3,20123,2012-Q3
3.º Trimestre de 2012,15: Algarve,1420.0,2012,3,20123,2012-Q3
3.º Trimestre de 2012,2: Região Autónoma dos Açores,207.0,2012,3,20123,2012-Q3
3.º Trimestre de 2012,20: Região Autónoma dos Açores,207.0,2012,3,20123,2012-Q3
3.º Trimestre de 2012,3: Região Autónoma da Madeira,398.0,2012,3,20123,2012-Q3
3.º Trimestre de 2012,30: Região Autónoma da Madeira,398.0,2012,3,20123,2012-Q3
2.º Trimestre de 2012,PT: Portugal,15867.0,2012,2,20122,2012-Q2
2.º Trimestre de 2012,1: Continente,15341.0,2012,2,20122,2012-Q2
2.º Trimestre de 2012,11: Norte,5118.0,2012,2,20122,2012-Q2
2.º Trimestre de 2012,19: Centro,2078.0,2012,2,20122,2012-Q2
2.º Trimestre de 2012,1D: Oeste e Vale do Tejo,1310.0,2012,2,20122,2012-Q2
2.º Trimestre de 2012,1A: Grande Lisboa,3209.0,2012,2,20122,2012-Q2
2.º Trimestre de 2012,1B: Península de Setúbal,1330.0,2012,2,20122,2012-Q2
2.º Trimestre de 2012,1C: Alentejo,695.0,2012,2,20122,2012-Q2
2.º Trimestre de 2012,15: Algarve,1602.0,2012,2,20122,2012-Q2
2.º Trimestre de 2012,2: Região Autónoma dos Açores,182.0,2012,2,20122,2012-Q2
2.º Trimestre de 2012,20: Região Autónoma dos Açores,182.0,2012,2,20122,2012-Q2
2.º Trimestre de 2012,3: Região Autónoma da Madeira,344.0,2012,2,20122,2012-Q2
2.º Trimestre de 2012,30: Região Autónoma da Madeira,344.0,2012,2,20122,2012-Q2
1.º Trimestre de 2012,PT: Portugal,15182.0,2012,1,20121,2012-Q1
1.º Trimestre de 2012,1: Continente,14518.0,2012,1,20121,2012-Q1
1.º Trimestre de 2012,11: Norte,4946.0,2012,1,20121,2012-Q1
1.º Trimestre de 2012,19: Centro,2091.0,2012,1,20121,2012-Q1
1.º Trimestre de 2012,1D: Oeste e Vale do Tejo,1257.0,2012,1,20121,2012-Q1
1.º Trimestre de 2012,1A: Grande Lisboa,2993.0,2012,1,20121,2012-Q1
1.º Trimestre de 2012,1B: Península de Setúbal,1217.0,2012,1,20121,2012-Q1
1.º Trimestre de 2012,1C: Alentejo,556.0,2012,1,20121,2012-Q1
1.º Trimestre de 2012,15: Algarve,1457.0,2012,1,20121,2012-Q1
1.º Trimestre de 2012,2: Região Autónoma dos Açores,250.0,2012,1,20121,2012-Q1
1.º Trimestre de 2012,20: Região Autónoma dos Açores,250.0,2012,1,20121,2012-Q1
1.º Trimestre de 2012,3: Região Autónoma da Madeira,413.0,2012,1,20121,2012-Q1
1.º Trimestre de 2012,30: Região Autónoma da Madeira,413.0,2012,1,20121,2012-Q1
4.º Trimestre de 2011,PT: Portugal,18968.0,2011,4,20114,2011-Q4
4.º Trimestre de 2011,1: Continente,18131.0,2011,4,20114,2011-Q4
4.º Trimestre de 2011,11: Norte,6218.0,2011,4,20114,2011-Q4
4.º Trimestre de 2011,19: Centro,2680.0,2011,4,20114,2011-Q4
4.º Trimestre de 2011,1D: Oeste e Vale do Tejo,1388.0,2011,4,20114,2011-Q4
4.º Trimestre de 2011,1A: Grande Lisboa,3586.0,2011,4,20114,2011-Q4
4.º Trimestre de 2011,1B: Península de Setúbal,1480.0,2011,4,20114,2011-Q4
4.º Trimestre de 2011,1C: Alentejo,833.0,2011,4,20114,2011-Q4
4.º Trimestre de 2011,15: Algarve,1945.0,2011,4,20114,2011-Q4
4.º Trimestre de 2011,2: Região Autónoma dos Açores,311.0,2011,4,20114,2011-Q4
4.º Trimestre de 2011,20: Região Autónoma dos Açores,311.0,2011,4,20114,2011-Q4
4.º Trimestre de 2011,3: Região Autónoma da Madeira,525.0,2011,4,20114,2011-Q4
4.º Trimestre de 2011,30: Região Autónoma da Madeira,525.0,2011,4,20114,2011-Q4
3.º Trimestre de 2011,PT: Portugal,17534.0,2011,3,20113,2011-Q3
3.º Trimestre de 2011,1: Continente,16816.0,2011,3,20113,2011-Q3
3.º Trimestre de 2011,11: Norte,5860.0,2011,3,20113,2011-Q3
3.º Trimestre de 2011,19: Centro,2532.0,2011,3,20113,2011-Q3
3.º Trimestre de 2011,1D: Oeste e Vale do Tejo,1438.0,2011,3,20113,2011-Q3
3.º Trimestre de 2011,1A: Grande Lisboa,3313.0,2011,3,20113,2011-Q3
3.º Trimestre de 2011,1B: Península de Setúbal,1371.0,2011,3,20113,2011-Q3
3.º Trimestre de 2011,1C: Alentejo,758.0,2011,3,20113,2011-Q3
3.º Trimestre de 2011,15: Algarve,1544.0,2011,3,20113,2011-Q3
3.º Trimestre de 2011,2: Região Autónoma dos Açores,294.0,2011,3,20113,2011-Q3
3.º Trimestre de 2011,20: Região Autónoma dos Açores,294.0,2011,3,20113,2011-Q3
3.º Trimestre de 2011,3: Região Autónoma da Madeira,423.0,2011,3,20113,2011-Q3
3.º Trimestre de 2011,30: Região Autónoma da Madeira,423.0,2011,3,20113,2011-Q3
2.º Trimestre de 2011,PT: Portugal,19606.0,2011,2,20112,2011-Q2
2.º Trimestre de 2011,1: Continente,18881.0,2011,2,20112,2011-Q2
2.º Trimestre de 2011,11: Norte,5913.0,2011,2,20112,2011-Q2
2.º Trimestre de 2011,19: Centro,2784.0,2011,2,20112,2011-Q2
2.º Trimestre de 2011,1D: Oeste e Vale do Tejo,1574.0,2011,2,20112,2011-Q2
2.º Trimestre de 2011,1A: Grande Lisboa,4492.0,2011,2,20112,2011-Q2
2.º Trimestre de 2011,1B: Península de Setúbal,1705.0,2011,2,20112,2011-Q2
2.º Trimestre de 2011,1C: Alentejo,769.0,2011,2,20112,2011-Q2
2.º Trimestre de 2011,15: Algarve,1644.0,2011,2,20112,2011-Q2
2.º Trimestre de 2011,2: Região Autónoma dos Açores,306.0,2011,2,20112,2011-Q2
2.º Trimestre de 2011,20: Região Autónoma dos Açores,306.0,2011,2,20112,2011-Q2
2.º Trimestre de 2011,3: Região Autónoma da Madeira,419.0,2011,2,20112,2011-Q2
2.º Trimestre de 2011,30: Região Autónoma da Madeira,419.0,2011,2,20112,2011-Q2
1.º Trimestre de 2011,PT: Portugal,20820.0,2011,1,20111,2011-Q1
1.º Trimestre de 2011,1: Continente,19763.0,2011,1,20111,2011-Q1
1.º Trimestre de 2011,11: Norte,6250.0,2011,1,20111,2011-Q1
1.º Trimestre de 2011,19: Centro,2837.0,2011,1,20111,2011-Q1
1.º Trimestre de 2011,1D: Oeste e Vale do Tejo,1530.0,2011,1,20111,2011-Q1
1.º Trimestre de 2011,1A: Grande Lisboa,4649.0,2011,1,20111,2011-Q1
1.º Trimestre de 2011,1B: Península de Setúbal,1785.0,2011,1,20111,2011-Q1
1.º Trimestre de 2011,1C: Alentejo,861.0,2011,1,20111,2011-Q1
1.º Trimestre de 2011,15: Algarve,1851.0,2011,1,20111,2011-Q1
1.º Trimestre de 2011,2: Região Autónoma dos Açores,507.0,2011,1,20111,2011-Q1
1.º Trimestre de 2011,20: Região Autónoma dos Açores,507.0,2011,1,20111,2011-Q1
1.º Trimestre de 2011,3: Região Autónoma da Madeira,550.0,2011,1,20111,2011-Q1
1.º Trimestre de 2011,30: Região Autónoma da Madeira,550.0,2011,1,20111,2011-Q1
4.º Trimestre de 2010,PT: Portugal,25965.0,2010,4,20104,2010-Q4
4.º Trimestre de 2010,1: Continente,24696.0,2010,4,20104,2010-Q4
4.º Trimestre de 2010,11: Norte,7925.0,2010,4,20104,2010-Q4
4.º Trimestre de 2010,19: Centro,3291.0,2010,4,20104,2010-Q4
4.º Trimestre de 2010,1D: Oeste e Vale do Tejo,2005.0,2010,4,20104,2010-Q4
4.º Trimestre de 2010,1A: Grande Lisboa,5867.0,2010,4,20104,2010-Q4
4.º Trimestre de 2010,1B: Península de Setúbal,2290.0,2010,4,20104,2010-Q4
4.º Trimestre de 2010,1C: Alentejo,1131.0,2010,4,20104,2010-Q4
4.º Trimestre de 2010,15: Algarve,2187.0,2010,4,20104,2010-Q4
4.º Trimestre de 2010,2: Região Autónoma dos Açores,692.0,2010,4,20104,2010-Q4
4.º Trimestre de 2010,20: Região Autónoma dos Açores,692.0,2010,4,20104,2010-Q4
4.º Trimestre de 2010,3: Região Autónoma da Madeira,578.0,2010,4,20104,2010-Q4
4.º Trimestre de 2010,30: Região Autónoma da Madeira,578.0,2010,4,20104,2010-Q4
3.º Trimestre de 2010,PT: Portugal,25895.0,2010,3,20103,2010-Q3
3.º Trimestre de 2010,1: Continente,24898.0,2010,3,20103,2010-Q3
3.º Trimestre de 2010,11: Norte,7711.0,2010,3,20103,2010-Q3
3.º Trimestre de 2010,19: Centro,3559.0,2010,3,20103,2010-Q3
3.º Trimestre de 2010,1D: Oeste e Vale do Tejo,2058.0,2010,3,20103,2010-Q3
3.º Trimestre de 2010,1A: Grande Lisboa,5839.0,2010,3,20103,2010-Q3
3.º Trimestre de 2010,1B: Península de Setúbal,2407.0,2010,3,20103,2010-Q3
3.º Trimestre de 2010,1C: Alentejo,1160.0,2010,3,20103,2010-Q3
3.º Trimestre de 2010,15: Algarve,2163.0,2010,3,20103,2010-Q3
3.º Trimestre de 2010,2: Região Autónoma dos Açores,432.0,2010,3,20103,2010-Q3
3.º Trimestre de 2010,20: Região Autónoma dos Açores,432.0,2010,3,20103,2010-Q3
3.º Trimestre de 2010,3: Região Autónoma da Madeira,565.0,2010,3,20103,2010-Q3
3.º Trimestre de 2010,30: Região Autónoma da Madeira,565.0,2010,3,20103,2010-Q3
2.º Trimestre de 2010,PT: Portugal,27914.0,2010,2,20102,2010-Q2
2.º Trimestre de 2010,1: Continente,26876.0,2010,2,20102,2010-Q2
2.º Trimestre de 2010,11: Norte,8238.0,2010,2,20102,2010-Q2
2.º Trimestre de 2010,19: Centro,3500.0,2010,2,20102,2010-Q2
2.º Trimestre de 2010,1D: Oeste e Vale do Tejo,2300.0,2010,2,20102,2010-Q2
2.º Trimestre de 2010,1A: Grande Lisboa,6748.0,2010,2,20102,2010-Q2
2.º Trimestre de 2010,1B: Península de Setúbal,2734.0,2010,2,20102,2010-Q2
2.º Trimestre de 2010,1C: Alentejo,1191.0,2010,2,20102,2010-Q2
2.º Trimestre de 2010,15: Algarve,2164.0,2010,2,20102,2010-Q2
2.º Trimestre de 2010,2: Região Autónoma dos Açores,461.0,2010,2,20102,2010-Q2
2.º Trimestre de 2010,20: Região Autónoma dos Açores,461.0,2010,2,20102,2010-Q2
2.º Trimestre de 2010,3: Região Autónoma da Madeira,577.0,2010,2,20102,2010-Q2
2.º Trimestre de 2010,30: Região Autónoma da Madeira,577.0,2010,2,20102,2010-Q2
1.º Trimestre de 2010,PT: Portugal,27213.0,2010,1,20101,2010-Q1
1.º Trimestre de 2010,1: Continente,26301.0,2010,1,20101,2010-Q1
1.º Trimestre de 2010,11: Norte,8072.0,2010,1,20101,2010-Q1
1.º Trimestre de 2010,19: Centro,3540.0,2010,1,20101,2010-Q1
1.º Trimestre de 2010,1D: Oeste e Vale do Tejo,2143.0,2010,1,20101,2010-Q1
1.º Trimestre de 2010,1A: Grande Lisboa,6533.0,2010,1,20101,2010-Q1
1.º Trimestre de 2010,1B: Península de Setúbal,2638.0,2010,1,20101,2010-Q1
1.º Trimestre de 2010,1C: Alentejo,1079.0,2010,1,20101,2010-Q1
1.º Trimestre de 2010,15: Algarve,2296.0,2010,1,20101,2010-Q1
1.º Trimestre de 2010,2: Região Autónoma dos Açores,406.0,2010,1,20101,2010-Q1
1.º Trimestre de 2010,20: Região Autónoma dos Açores,406.0,2010,1,20101,2010-Q1
1.º Trimestre de 2010,3: Região Autónoma da Madeira,505.0,2010,1,20101,2010-Q1
1.º Trimestre de 2010,30: Região Autónoma da Madeira,505.0,2010,1,20101,2010-Q1
4.º Trimestre de 2009,PT: Portugal,27567.0,2009,4,20094,2009-Q4
4.º Trimestre de 2009,1: Continente,26251.0,2009,4,20094,2009-Q4
4.º Trimestre de 2009,11: Norte,8194.0,2009,4,20094,2009-Q4
4.º Trimestre de 2009,19: Centro,3422.0,2009,4,20094,2009-Q4
4.º Trimestre de 2009,1D: Oeste e Vale do Tejo,2223.0,2009,4,20094,2009-Q4
4.º Trimestre de 2009,1A: Grande Lisboa,6192.0,2009,4,20094,2009-Q4
4.º Trimestre de 2009,1B: Península de Setúbal,2629.0,2009,4,20094,2009-Q4
4.º Trimestre de 2009,1C: Alentejo,1298.0,2009,4,20094,2009-Q4
4.º Trimestre de 2009,15: Algarve,2293.0,2009,4,20094,2009-Q4
4.º Trimestre de 2009,2: Região Autónoma dos Açores,661.0,2009,4,20094,2009-Q4
4.º Trimestre de 2009,20: Região Autónoma dos Açores,661.0,2009,4,20094,2009-Q4
4.º Trimestre de 2009,3: Região Autónoma da Madeira,655.0,2009,4,20094,2009-Q4
4.º Trimestre de 2009,30: Região Autónoma da Madeira,655.0,2009,4,20094,2009-Q4
3.º Trimestre de 2009,PT: Portugal,27077.0,2009,3,20093,2009-Q3
3.º Trimestre de 2009,1: Continente,25988.0,2009,3,20093,2009-Q3
3.º Trimestre de 2009,11: Norte,7994.0,2009,3,20093,2009-Q3
3.º Trimestre de 2009,19: Centro,3468.0,2009,3,20093,2009-Q3
3.º Trimestre de 2009,1D: Oeste e Vale do Tejo,2358.0,2009,3,20093,2009-Q3
3.º Trimestre de 2009,1A: Grande Lisboa,6061.0,2009,3,20093,2009-Q3
3.º Trimestre de 2009,1B: Península de Setúbal,2681.0,2009,3,20093,2009-Q3
3.º Trimestre de 2009,1C: Alentejo,1216.0,2009,3,20093,2009-Q3
3.º Trimestre de 2009,15: Algarve,2210.0,2009,3,20093,2009-Q3
3.º Trimestre de 2009,2: Região Autónoma dos Açores,463.0,2009,3,20093,2009-Q3
3.º Trimestre de 2009,20: Região Autónoma dos Açores,463.0,2009,3,20093,2009-Q3
3.º Trimestre de 2009,3: Região Autónoma da Madeira,626.0,2009,3,20093,2009-Q3
3.º Trimestre de 2009,30: Região Autónoma da Madeira,626.0,2009,3,20093,2009-Q3
2.º Trimestre de 2009,PT: Portugal,24229.0,2009,2,20092,2009-Q2
2.º Trimestre de 2009,1: Continente,23270.0,2009,2,20092,2009-Q2
2.º Trimestre de 2009,11: Norte,7085.0,2009,2,20092,2009-Q2
2.º Trimestre de 2009,19: Centro,3035.0,2009,2,20092,2009-Q2
2.º Trimestre de 2009,1D: Oeste e Vale do Tejo,2099.0,2009,2,20092,2009-Q2
2.º Trimestre de 2009,1A: Grande Lisboa,5264.0,2009,2,20092,2009-Q2
2.º Trimestre de 2009,1B: Península de Setúbal,2308.0,2009,2,20092,2009-Q2
2.º Trimestre de 2009,1C: Alentejo,1121.0,2009,2,20092,2009-Q2
2.º Trimestre de 2009,15: Algarve,2359.0,2009,2,20092,2009-Q2
2.º Trimestre de 2009,2: Região Autónoma dos Açores,388.0,2009,2,20092,2009-Q2
2.º Trimestre de 2009,20: Região Autónoma dos Açores,388.0,2009,2,20092,2009-Q2
2.º Trimestre de 2009,3: Região Autónoma da Madeira,571.0,2009,2,20092,2009-Q2
2.º Trimestre de 2009,30: Região Autónoma da Madeira,571.0,2009,2,20092,2009-Q2
1.º Trimestre de 2009,PT: Portugal,21219.0,2009,1,20091,2009-Q1
1.º Trimestre de 2009,1: Continente,20428.0,2009,1,20091,2009-Q1
1.º Trimestre de 2009,11: Norte,6262.0,2009,1,20091,2009-Q1
1.º Trimestre de 2009,19: Centro,2721.0,2009,1,20091,2009-Q1
1.º Trimestre de 2009,1D: Oeste e Vale do Tejo,1755.0,2009,1,20091,2009-Q1
1.º Trimestre de 2009,1A: Grande Lisboa,4665.0,2009,1,20091,2009-Q1
1.º Trimestre de 2009,1B: Península de Setúbal,2038.0,2009,1,20091,2009-Q1
1.º Trimestre de 2009,1C: Alentejo,953.0,2009,1,20091,2009-Q1
1.º Trimestre de 2009,15: Algarve,2033.0,2009,1,20091,2009-Q1
1.º Trimestre de 2009,2: Região Autónoma dos Açores,393.0,2009,1,20091,2009-Q1
1.º Trimestre de 2009,20: Região Autónoma dos Açores,393.0,2009,1,20091,2009-Q1
1.º Trimestre de 2009,3: Região Autónoma da Madeira,398.0,2009,1,20091,2009-Q1
1.º Trimestre de 2009,30: Região Autónoma da Madeira,398.0,2009,1,20091,2009-Q1
