cod,designacao,data,ano,trimestre,preco_mediano_m2,n_transacoes,tipo_territorio,periodo,preco_yoy_pct,preco_qoq_pct,transacoes_yoy_pct,tipologia
1B,Península de Setúbal,2019-01-01,2019,1,1099.0,3997.0,sub-região,2019 Q1,,,,Total
1B,Península de Setúbal,2019-04-01,2019,2,1130.0,3992.0,sub-região,2019 Q2,,2.82,,Total
1B,Península de Setúbal,2019-07-01,2019,3,1179.0,4043.0,sub-região,2019 Q3,,4.34,,Total
1B,Península de Setúbal,2019-10-01,2019,4,1157.0,4492.0,sub-região,2019 Q4,,-1.87,,Total
1B,Península de Setúbal,2020-01-01,2020,1,1263.0,3813.0,sub-região,2020 Q1,14.92,9.16,-4.6,Total
1B,Península de Setúbal,2020-04-01,2020,2,1305.0,2769.0,sub-região,2020 Q2,15.49,3.33,-30.64,Total
1B,Península de Setúbal,2020-07-01,2020,3,1355.0,3551.0,sub-região,2020 Q3,14.93,3.83,-12.17,Total
1B,Península de Setúbal,2020-10-01,2020,4,1336.0,4197.0,sub-região,2020 Q4,15.47,-1.4,-6.57,Total
1B,Península de Setúbal,2021-01-01,2021,1,1383.0,3680.0,sub-região,2021 Q1,9.5,3.52,-3.49,Total
1B,Península de Setúbal,2021-04-01,2021,2,1421.0,4403.0,sub-região,2021 Q2,8.89,2.75,59.01,Total
1B,Península de Setúbal,2021-07-01,2021,3,1493.0,4350.0,sub-região,2021 Q3,10.18,5.07,22.5,Total
1B,Península de Setúbal,2021-10-01,2021,4,1525.0,4434.0,sub-região,2021 Q4,14.15,2.14,5.65,Total
1B,Península de Setúbal,2022-01-01,2022,1,1618.0,4249.0,sub-região,2022 Q1,16.99,6.1,15.46,Total
1B,Península de Setúbal,2022-04-01,2022,2,1709.0,4395.0,sub-região,2022 Q2,20.27,5.62,-0.18,Total
1B,Península de Setúbal,2022-07-01,2022,3,1759.0,4025.0,sub-região,2022 Q3,17.82,2.93,-7.47,Total
1B,Península de Setúbal,2022-10-01,2022,4,1778.0,3677.0,sub-região,2022 Q4,16.59,1.08,-17.07,Total
1B,Península de Setúbal,2023-01-01,2023,1,1833.0,3018.0,sub-região,2023 Q1,13.29,3.09,-28.97,Total
1B,Península de Setúbal,2023-04-01,2023,2,1879.0,3276.0,sub-região,2023 Q2,9.95,2.51,-25.46,Total
1B,Península de Setúbal,2023-07-01,2023,3,1950.0,3033.0,sub-região,2023 Q3,10.86,3.78,-24.65,Total
1B,Península de Setúbal,2023-10-01,2023,4,1952.0,3142.0,sub-região,2023 Q4,9.79,0.1,-14.55,Total
1B,Península de Setúbal,2024-01-01,2024,1,1987.0,3065.0,sub-região,2024 Q1,8.4,1.79,1.56,Total
1B,Península de Setúbal,2024-04-01,2024,2,2048.0,3439.0,sub-região,2024 Q2,8.99,3.07,4.98,Total
1B,Península de Setúbal,2024-07-01,2024,3,2159.0,3829.0,sub-região,2024 Q3,10.72,5.42,26.24,Total
1B,Península de Setúbal,2024-10-01,2024,4,2222.0,4263.0,sub-região,2024 Q4,13.83,2.92,35.68,Total
1B,Península de Setúbal,2025-01-01,2025,1,2325.0,3893.0,sub-região,2025 Q1,17.01,4.64,27.01,Total
1B,Península de Setúbal,2025-04-01,2025,2,2511.0,3965.0,sub-região,2025 Q2,22.61,8.0,15.3,Total
1B,Península de Setúbal,2025-07-01,2025,3,2710.0,4073.0,sub-região,2025 Q3,25.52,7.93,6.37,Total
1B,Península de Setúbal,2025-10-01,2025,4,2831.0,4011.0,sub-região,2025 Q4,27.41,4.46,-5.91,Total
1B0,Península de Setúbal,2019-01-01,2019,1,1099.0,3997.0,sub-região,2019 Q1,,,,Total
1B0,Península de Setúbal,2019-04-01,2019,2,1130.0,3992.0,sub-região,2019 Q2,,2.82,,Total
1B0,Península de Setúbal,2019-07-01,2019,3,1179.0,4043.0,sub-região,2019 Q3,,4.34,,Total
1B0,Península de Setúbal,2019-10-01,2019,4,1157.0,4492.0,sub-região,2019 Q4,,-1.87,,Total
1B0,Península de Setúbal,2020-01-01,2020,1,1263.0,3813.0,sub-região,2020 Q1,14.92,9.16,-4.6,Total
1B0,Península de Setúbal,2020-04-01,2020,2,1305.0,2769.0,sub-região,2020 Q2,15.49,3.33,-30.64,Total
1B0,Península de Setúbal,2020-07-01,2020,3,1355.0,3551.0,sub-região,2020 Q3,14.93,3.83,-12.17,Total
1B0,Península de Setúbal,2020-10-01,2020,4,1336.0,4197.0,sub-região,2020 Q4,15.47,-1.4,-6.57,Total
1B0,Península de Setúbal,2021-01-01,2021,1,1383.0,3680.0,sub-região,2021 Q1,9.5,3.52,-3.49,Total
1B0,Península de Setúbal,2021-04-01,2021,2,1421.0,4403.0,sub-região,2021 Q2,8.89,2.75,59.01,Total
1B0,Península de Setúbal,2021-07-01,2021,3,1493.0,4350.0,sub-região,2021 Q3,10.18,5.07,22.5,Total
1B0,Península de Setúbal,2021-10-01,2021,4,1525.0,4434.0,sub-região,2021 Q4,14.15,2.14,5.65,Total
1B0,Península de Setúbal,2022-01-01,2022,1,1618.0,4249.0,sub-região,2022 Q1,16.99,6.1,15.46,Total
1B0,Península de Setúbal,2022-04-01,2022,2,1709.0,4395.0,sub-região,2022 Q2,20.27,5.62,-0.18,Total
1B0,Península de Setúbal,2022-07-01,2022,3,1759.0,4025.0,sub-região,2022 Q3,17.82,2.93,-7.47,Total
1B0,Península de Setúbal,2022-10-01,2022,4,1778.0,3677.0,sub-região,2022 Q4,16.59,1.08,-17.07,Total
1B0,Península de Setúbal,2023-01-01,2023,1,1833.0,3018.0,sub-região,2023 Q1,13.29,3.09,-28.97,Total
1B0,Península de Setúbal,2023-04-01,2023,2,1879.0,3276.0,sub-região,2023 Q2,9.95,2.51,-25.46,Total
1B0,Península de Setúbal,2023-07-01,2023,3,1950.0,3033.0,sub-região,2023 Q3,10.86,3.78,-24.65,Total
1B0,Península de Setúbal,2023-10-01,2023,4,1952.0,3142.0,sub-região,2023 Q4,9.79,0.1,-14.55,Total
1B0,Península de Setúbal,2024-01-01,2024,1,1987.0,3065.0,sub-região,2024 Q1,8.4,1.79,1.56,Total
1B0,Península de Setúbal,2024-04-01,2024,2,2048.0,3439.0,sub-região,2024 Q2,8.99,3.07,4.98,Total
1B0,Península de Setúbal,2024-07-01,2024,3,2159.0,3829.0,sub-região,2024 Q3,10.72,5.42,26.24,Total
1B0,Península de Setúbal,2024-10-01,2024,4,2222.0,4263.0,sub-região,2024 Q4,13.83,2.92,35.68,Total
1B0,Península de Setúbal,2025-01-01,2025,1,2325.0,3893.0,sub-região,2025 Q1,17.01,4.64,27.01,Total
1B0,Península de Setúbal,2025-04-01,2025,2,2511.0,3965.0,sub-região,2025 Q2,22.61,8.0,15.3,Total
1B0,Península de Setúbal,2025-07-01,2025,3,2710.0,4073.0,sub-região,2025 Q3,25.52,7.93,6.37,Total
1B0,Península de Setúbal,2025-10-01,2025,4,2831.0,4011.0,sub-região,2025 Q4,27.41,4.46,-5.91,Total
1B01502,Alcochete,2019-01-01,2019,1,1431.0,79.0,município,2019 Q1,,,,Total
1B01502,Alcochete,2019-04-01,2019,2,1289.0,64.0,município,2019 Q2,,-9.92,,Total
1B01502,Alcochete,2019-07-01,2019,3,1426.0,65.0,município,2019 Q3,,10.63,,Total
1B01502,Alcochete,2019-10-01,2019,4,1380.0,67.0,município,2019 Q4,,-3.23,,Total
1B01502,Alcochete,2020-01-01,2020,1,1477.0,62.0,município,2020 Q1,3.21,7.03,-21.52,Total
1B01502,Alcochete,2020-04-01,2020,2,1447.0,50.0,município,2020 Q2,12.26,-2.03,-21.88,Total
1B01502,Alcochete,2020-07-01,2020,3,1431.0,58.0,município,2020 Q3,0.35,-1.11,-10.77,Total
1B01502,Alcochete,2020-10-01,2020,4,1528.0,69.0,município,2020 Q4,10.72,6.78,2.99,Total
1B01502,Alcochete,2021-01-01,2021,1,1621.0,63.0,município,2021 Q1,9.75,6.09,1.61,Total
1B01502,Alcochete,2021-04-01,2021,2,2070.0,113.0,município,2021 Q2,43.05,27.7,126.0,Total
1B01502,Alcochete,2021-07-01,2021,3,2140.0,98.0,município,2021 Q3,49.55,3.38,68.97,Total
1B01502,Alcochete,2021-10-01,2021,4,1866.0,82.0,município,2021 Q4,22.12,-12.8,18.84,Total
1B01502,Alcochete,2022-01-01,2022,1,1916.0,109.0,município,2022 Q1,18.2,2.68,73.02,Total
1B01502,Alcochete,2022-04-01,2022,2,2034.0,92.0,município,2022 Q2,-1.74,6.16,-18.58,Total
1B01502,Alcochete,2022-07-01,2022,3,1689.0,100.0,município,2022 Q3,-21.07,-16.96,2.04,Total
1B01502,Alcochete,2022-10-01,2022,4,1860.0,55.0,município,2022 Q4,-0.32,10.12,-32.93,Total
1B01502,Alcochete,2023-01-01,2023,1,2078.0,56.0,município,2023 Q1,8.46,11.72,-48.62,Total
1B01502,Alcochete,2023-04-01,2023,2,2100.0,52.0,município,2023 Q2,3.24,1.06,-43.48,Total
1B01502,Alcochete,2023-07-01,2023,3,2048.0,63.0,município,2023 Q3,21.26,-2.48,-37.0,Total
1B01502,Alcochete,2023-10-01,2023,4,2114.0,62.0,município,2023 Q4,13.66,3.22,12.73,Total
1B01502,Alcochete,2024-01-01,2024,1,2081.0,72.0,município,2024 Q1,0.14,-1.56,28.57,Total
1B01502,Alcochete,2024-04-01,2024,2,2238.0,68.0,município,2024 Q2,6.57,7.54,30.77,Total
1B01502,Alcochete,2024-07-01,2024,3,2059.0,83.0,município,2024 Q3,0.54,-8.0,31.75,Total
1B01502,Alcochete,2024-10-01,2024,4,2200.0,76.0,município,2024 Q4,4.07,6.85,22.58,Total
1B01502,Alcochete,2025-01-01,2025,1,2450.0,56.0,município,2025 Q1,17.73,11.36,-22.22,Total
1B01502,Alcochete,2025-04-01,2025,2,2650.0,55.0,município,2025 Q2,18.41,8.16,-19.12,Total
1B01502,Alcochete,2025-07-01,2025,3,2965.0,85.0,município,2025 Q3,44.0,11.89,2.41,Total
1B01502,Alcochete,2025-10-01,2025,4,2737.0,66.0,município,2025 Q4,24.41,-7.69,-13.16,Total
1B01503,Almada,2019-01-01,2019,1,1469.0,753.0,município,2019 Q1,,,,Total
1B01503,Almada,2019-04-01,2019,2,1533.0,847.0,município,2019 Q2,,4.36,,Total
1B01503,Almada,2019-07-01,2019,3,1530.0,779.0,município,2019 Q3,,-0.2,,Total
1B01503,Almada,2019-10-01,2019,4,1596.0,752.0,município,2019 Q4,,4.31,,Total
1B01503,Almada,2020-01-01,2020,1,1684.0,746.0,município,2020 Q1,14.64,5.51,-0.93,Total
1B01503,Almada,2020-04-01,2020,2,1688.0,479.0,município,2020 Q2,10.11,0.24,-43.45,Total
1B01503,Almada,2020-07-01,2020,3,1846.0,668.0,município,2020 Q3,20.65,9.36,-14.25,Total
1B01503,Almada,2020-10-01,2020,4,1784.0,754.0,município,2020 Q4,11.78,-3.36,0.27,Total
1B01503,Almada,2021-01-01,2021,1,1859.0,640.0,município,2021 Q1,10.39,4.2,-14.21,Total
1B01503,Almada,2021-04-01,2021,2,1840.0,769.0,município,2021 Q2,9.0,-1.02,60.54,Total
1B01503,Almada,2021-07-01,2021,3,1950.0,770.0,município,2021 Q3,5.63,5.98,15.27,Total
1B01503,Almada,2021-10-01,2021,4,1924.0,805.0,município,2021 Q4,7.85,-1.33,6.76,Total
1B01503,Almada,2022-01-01,2022,1,2066.0,792.0,município,2022 Q1,11.14,7.38,23.75,Total
1B01503,Almada,2022-04-01,2022,2,2170.0,794.0,município,2022 Q2,17.93,5.03,3.25,Total
1B01503,Almada,2022-07-01,2022,3,2237.0,720.0,município,2022 Q3,14.72,3.09,-6.49,Total
1B01503,Almada,2022-10-01,2022,4,2254.0,605.0,município,2022 Q4,17.15,0.76,-24.84,Total
1B01503,Almada,2023-01-01,2023,1,2312.0,549.0,município,2023 Q1,11.91,2.57,-30.68,Total
1B01503,Almada,2023-04-01,2023,2,2277.0,672.0,município,2023 Q2,4.93,-1.51,-15.37,Total
1B01503,Almada,2023-07-01,2023,3,2510.0,575.0,município,2023 Q3,12.2,10.23,-20.14,Total
1B01503,Almada,2023-10-01,2023,4,2436.0,533.0,município,2023 Q4,8.07,-2.95,-11.9,Total
1B01503,Almada,2024-01-01,2024,1,2552.0,559.0,município,2024 Q1,10.38,4.76,1.82,Total
1B01503,Almada,2024-04-01,2024,2,2578.0,676.0,município,2024 Q2,13.22,1.02,0.6,Total
1B01503,Almada,2024-07-01,2024,3,2660.0,726.0,município,2024 Q3,5.98,3.18,26.26,Total
1B01503,Almada,2024-10-01,2024,4,2784.0,764.0,município,2024 Q4,14.29,4.66,43.34,Total
1B01503,Almada,2025-01-01,2025,1,2934.0,741.0,município,2025 Q1,14.97,5.39,32.56,Total
1B01503,Almada,2025-04-01,2025,2,3101.0,732.0,município,2025 Q2,20.29,5.69,8.28,Total
1B01503,Almada,2025-07-01,2025,3,3282.0,710.0,município,2025 Q3,23.38,5.84,-2.2,Total
1B01503,Almada,2025-10-01,2025,4,3311.0,686.0,município,2025 Q4,18.93,0.88,-10.21,Total
1B01504,Barreiro,2019-01-01,2019,1,879.0,456.0,município,2019 Q1,,,,Total
1B01504,Barreiro,2019-04-01,2019,2,956.0,419.0,município,2019 Q2,,8.76,,Total
1B01504,Barreiro,2019-07-01,2019,3,978.0,400.0,município,2019 Q3,,2.3,,Total
1B01504,Barreiro,2019-10-01,2019,4,988.0,428.0,município,2019 Q4,,1.02,,Total
1B01504,Barreiro,2020-01-01,2020,1,1075.0,390.0,município,2020 Q1,22.3,8.81,-14.47,Total
1B01504,Barreiro,2020-04-01,2020,2,1123.0,240.0,município,2020 Q2,17.47,4.47,-42.72,Total
1B01504,Barreiro,2020-07-01,2020,3,1132.0,316.0,município,2020 Q3,15.75,0.8,-21.0,Total
1B01504,Barreiro,2020-10-01,2020,4,1127.0,407.0,município,2020 Q4,14.07,-0.44,-4.91,Total
1B01504,Barreiro,2021-01-01,2021,1,1176.0,361.0,município,2021 Q1,9.4,4.35,-7.44,Total
1B01504,Barreiro,2021-04-01,2021,2,1222.0,481.0,município,2021 Q2,8.82,3.91,100.42,Total
1B01504,Barreiro,2021-07-01,2021,3,1234.0,468.0,município,2021 Q3,9.01,0.98,48.1,Total
1B01504,Barreiro,2021-10-01,2021,4,1294.0,454.0,município,2021 Q4,14.82,4.86,11.55,Total
1B01504,Barreiro,2022-01-01,2022,1,1395.0,425.0,município,2022 Q1,18.62,7.81,17.73,Total
1B01504,Barreiro,2022-04-01,2022,2,1506.0,475.0,município,2022 Q2,23.24,7.96,-1.25,Total
1B01504,Barreiro,2022-07-01,2022,3,1553.0,416.0,município,2022 Q3,25.85,3.12,-11.11,Total
1B01504,Barreiro,2022-10-01,2022,4,1584.0,439.0,município,2022 Q4,22.41,2.0,-3.3,Total
1B01504,Barreiro,2023-01-01,2023,1,1600.0,308.0,município,2023 Q1,14.7,1.01,-27.53,Total
1B01504,Barreiro,2023-04-01,2023,2,1696.0,315.0,município,2023 Q2,12.62,6.0,-33.68,Total
1B01504,Barreiro,2023-07-01,2023,3,1688.0,336.0,município,2023 Q3,8.69,-0.47,-19.23,Total
1B01504,Barreiro,2023-10-01,2023,4,1742.0,320.0,município,2023 Q4,9.97,3.2,-27.11,Total
1B01504,Barreiro,2024-01-01,2024,1,1781.0,288.0,município,2024 Q1,11.31,2.24,-6.49,Total
1B01504,Barreiro,2024-04-01,2024,2,1877.0,354.0,município,2024 Q2,10.67,5.39,12.38,Total
1B01504,Barreiro,2024-07-01,2024,3,1938.0,386.0,município,2024 Q3,14.81,3.25,14.88,Total
1B01504,Barreiro,2024-10-01,2024,4,2089.0,440.0,município,2024 Q4,19.92,7.79,37.5,Total
1B01504,Barreiro,2025-01-01,2025,1,2237.0,408.0,município,2025 Q1,25.6,7.08,41.67,Total
1B01504,Barreiro,2025-04-01,2025,2,2350.0,479.0,município,2025 Q2,25.2,5.05,35.31,Total
1B01504,Barreiro,2025-07-01,2025,3,2652.0,494.0,município,2025 Q3,36.84,12.85,27.98,Total
1B01504,Barreiro,2025-10-01,2025,4,2821.0,488.0,município,2025 Q4,35.04,6.37,10.91,Total
1B01506,Moita,2019-01-01,2019,1,736.0,286.0,município,2019 Q1,,,,Total
1B01506,Moita,2019-04-01,2019,2,756.0,295.0,município,2019 Q2,,2.72,,Total
1B01506,Moita,2019-07-01,2019,3,811.0,319.0,município,2019 Q3,,7.28,,Total
1B01506,Moita,2019-10-01,2019,4,851.0,381.0,município,2019 Q4,,4.93,,Total
1B01506,Moita,2020-01-01,2020,1,916.0,301.0,município,2020 Q1,24.46,7.64,5.24,Total
1B01506,Moita,2020-04-01,2020,2,895.0,262.0,município,2020 Q2,18.39,-2.29,-11.19,Total
1B01506,Moita,2020-07-01,2020,3,960.0,278.0,município,2020 Q3,18.37,7.26,-12.85,Total
1B01506,Moita,2020-10-01,2020,4,939.0,325.0,município,2020 Q4,10.34,-2.19,-14.7,Total
1B01506,Moita,2021-01-01,2021,1,1003.0,341.0,município,2021 Q1,9.5,6.82,13.29,Total
1B01506,Moita,2021-04-01,2021,2,961.0,404.0,município,2021 Q2,7.37,-4.19,54.2,Total
1B01506,Moita,2021-07-01,2021,3,1090.0,365.0,município,2021 Q3,13.54,13.42,31.29,Total
1B01506,Moita,2021-10-01,2021,4,1102.0,439.0,município,2021 Q4,17.36,1.1,35.08,Total
1B01506,Moita,2022-01-01,2022,1,1181.0,394.0,município,2022 Q1,17.75,7.17,15.54,Total
1B01506,Moita,2022-04-01,2022,2,1286.0,395.0,município,2022 Q2,33.82,8.89,-2.23,Total
1B01506,Moita,2022-07-01,2022,3,1333.0,375.0,município,2022 Q3,22.29,3.65,2.74,Total
1B01506,Moita,2022-10-01,2022,4,1336.0,370.0,município,2022 Q4,21.23,0.23,-15.72,Total
1B01506,Moita,2023-01-01,2023,1,1440.0,327.0,município,2023 Q1,21.93,7.78,-17.01,Total
1B01506,Moita,2023-04-01,2023,2,1501.0,312.0,município,2023 Q2,16.72,4.24,-21.01,Total
1B01506,Moita,2023-07-01,2023,3,1527.0,256.0,município,2023 Q3,14.55,1.73,-31.73,Total
1B01506,Moita,2023-10-01,2023,4,1545.0,281.0,município,2023 Q4,15.64,1.18,-24.05,Total
1B01506,Moita,2024-01-01,2024,1,1581.0,307.0,município,2024 Q1,9.79,2.33,-6.12,Total
1B01506,Moita,2024-04-01,2024,2,1657.0,333.0,município,2024 Q2,10.39,4.81,6.73,Total
1B01506,Moita,2024-07-01,2024,3,1828.0,314.0,município,2024 Q3,19.71,10.32,22.66,Total
1B01506,Moita,2024-10-01,2024,4,1830.0,388.0,município,2024 Q4,18.45,0.11,38.08,Total
1B01506,Moita,2025-01-01,2025,1,1959.0,361.0,município,2025 Q1,23.91,7.05,17.59,Total
1B01506,Moita,2025-04-01,2025,2,2174.0,391.0,município,2025 Q2,31.2,10.97,17.42,Total
1B01506,Moita,2025-07-01,2025,3,2307.0,368.0,município,2025 Q3,26.2,6.12,17.2,Total
1B01506,Moita,2025-10-01,2025,4,2510.0,398.0,município,2025 Q4,37.16,8.8,2.58,Total
1B01507,Montijo,2019-01-01,2019,1,1122.0,256.0,município,2019 Q1,,,,Total
1B01507,Montijo,2019-04-01,2019,2,1206.0,240.0,município,2019 Q2,,7.49,,Total
1B01507,Montijo,2019-07-01,2019,3,1217.0,277.0,município,2019 Q3,,0.91,,Total
1B01507,Montijo,2019-10-01,2019,4,1247.0,282.0,município,2019 Q4,,2.47,,Total
1B01507,Montijo,2020-01-01,2020,1,1320.0,234.0,município,2020 Q1,17.65,5.85,-8.59,Total
1B01507,Montijo,2020-04-01,2020,2,1332.0,161.0,município,2020 Q2,10.45,0.91,-32.92,Total
1B01507,Montijo,2020-07-01,2020,3,1326.0,231.0,município,2020 Q3,8.96,-0.45,-16.61,Total
1B01507,Montijo,2020-10-01,2020,4,1313.0,272.0,município,2020 Q4,5.29,-0.98,-3.55,Total
1B01507,Montijo,2021-01-01,2021,1,1369.0,256.0,município,2021 Q1,3.71,4.27,9.4,Total
1B01507,Montijo,2021-04-01,2021,2,1344.0,280.0,município,2021 Q2,0.9,-1.83,73.91,Total
1B01507,Montijo,2021-07-01,2021,3,1428.0,292.0,município,2021 Q3,7.69,6.25,26.41,Total
1B01507,Montijo,2021-10-01,2021,4,1524.0,272.0,município,2021 Q4,16.07,6.72,0.0,Total
1B01507,Montijo,2022-01-01,2022,1,1621.0,335.0,município,2022 Q1,18.41,6.36,30.86,Total
1B01507,Montijo,2022-04-01,2022,2,1679.0,328.0,município,2022 Q2,24.93,3.58,17.14,Total
1B01507,Montijo,2022-07-01,2022,3,1760.0,325.0,município,2022 Q3,23.25,4.82,11.3,Total
1B01507,Montijo,2022-10-01,2022,4,1780.0,254.0,município,2022 Q4,16.8,1.14,-6.62,Total
1B01507,Montijo,2023-01-01,2023,1,1790.0,240.0,município,2023 Q1,10.43,0.56,-28.36,Total
1B01507,Montijo,2023-04-01,2023,2,1850.0,279.0,município,2023 Q2,10.18,3.35,-14.94,Total
1B01507,Montijo,2023-07-01,2023,3,1925.0,216.0,município,2023 Q3,9.38,4.05,-33.54,Total
1B01507,Montijo,2023-10-01,2023,4,1812.0,207.0,município,2023 Q4,1.8,-5.87,-18.5,Total
1B01507,Montijo,2024-01-01,2024,1,1993.0,241.0,município,2024 Q1,11.34,9.99,0.42,Total
1B01507,Montijo,2024-04-01,2024,2,1972.0,245.0,município,2024 Q2,6.59,-1.05,-12.19,Total
1B01507,Montijo,2024-07-01,2024,3,2152.0,286.0,município,2024 Q3,11.79,9.13,32.41,Total
1B01507,Montijo,2024-10-01,2024,4,2082.0,340.0,município,2024 Q4,14.9,-3.25,64.25,Total
1B01507,Montijo,2025-01-01,2025,1,2200.0,302.0,município,2025 Q1,10.39,5.67,25.31,Total
1B01507,Montijo,2025-04-01,2025,2,2474.0,293.0,município,2025 Q2,25.46,12.45,19.59,Total
1B01507,Montijo,2025-07-01,2025,3,2572.0,277.0,município,2025 Q3,19.52,3.96,-3.15,Total
1B01507,Montijo,2025-10-01,2025,4,2652.0,292.0,município,2025 Q4,27.38,3.11,-14.12,Total
1B01508,Palmela,2019-01-01,2019,1,963.0,271.0,município,2019 Q1,,,,Total
1B01508,Palmela,2019-04-01,2019,2,1029.0,298.0,município,2019 Q2,,6.85,,Total
1B01508,Palmela,2019-07-01,2019,3,1032.0,292.0,município,2019 Q3,,0.29,,Total
1B01508,Palmela,2019-10-01,2019,4,836.0,502.0,município,2019 Q4,,-18.99,,Total
1B01508,Palmela,2020-01-01,2020,1,1072.0,322.0,município,2020 Q1,11.32,28.23,18.82,Total
1B01508,Palmela,2020-04-01,2020,2,1109.0,266.0,município,2020 Q2,7.77,3.45,-10.74,Total
1B01508,Palmela,2020-07-01,2020,3,1205.0,281.0,município,2020 Q3,16.76,8.66,-3.77,Total
1B01508,Palmela,2020-10-01,2020,4,1183.0,395.0,município,2020 Q4,41.51,-1.83,-21.31,Total
1B01508,Palmela,2021-01-01,2021,1,1290.0,324.0,município,2021 Q1,20.34,9.04,0.62,Total
1B01508,Palmela,2021-04-01,2021,2,1285.0,364.0,município,2021 Q2,15.87,-0.39,36.84,Total
1B01508,Palmela,2021-07-01,2021,3,1339.0,347.0,município,2021 Q3,11.12,4.2,23.49,Total
1B01508,Palmela,2021-10-01,2021,4,1338.0,357.0,município,2021 Q4,13.1,-0.07,-9.62,Total
1B01508,Palmela,2022-01-01,2022,1,1459.0,334.0,município,2022 Q1,13.1,9.04,3.09,Total
1B01508,Palmela,2022-04-01,2022,2,1508.0,342.0,município,2022 Q2,17.35,3.36,-6.04,Total
1B01508,Palmela,2022-07-01,2022,3,1605.0,319.0,município,2022 Q3,19.87,6.43,-8.07,Total
1B01508,Palmela,2022-10-01,2022,4,1654.0,290.0,município,2022 Q4,23.62,3.05,-18.77,Total
1B01508,Palmela,2023-01-01,2023,1,1658.0,231.0,município,2023 Q1,13.64,0.24,-30.84,Total
1B01508,Palmela,2023-04-01,2023,2,1766.0,277.0,município,2023 Q2,17.11,6.51,-19.01,Total
1B01508,Palmela,2023-07-01,2023,3,1782.0,247.0,município,2023 Q3,11.03,0.91,-22.57,Total
1B01508,Palmela,2023-10-01,2023,4,1809.0,254.0,município,2023 Q4,9.37,1.52,-12.41,Total
1B01508,Palmela,2024-01-01,2024,1,1741.0,309.0,município,2024 Q1,5.01,-3.76,33.77,Total
1B01508,Palmela,2024-04-01,2024,2,1808.0,286.0,município,2024 Q2,2.38,3.85,3.25,Total
1B01508,Palmela,2024-07-01,2024,3,1961.0,329.0,município,2024 Q3,10.04,8.46,33.2,Total
1B01508,Palmela,2024-10-01,2024,4,2108.0,330.0,município,2024 Q4,16.53,7.5,29.92,Total
1B01508,Palmela,2025-01-01,2025,1,2060.0,333.0,município,2025 Q1,18.32,-2.28,7.77,Total
1B01508,Palmela,2025-04-01,2025,2,2155.0,280.0,município,2025 Q2,19.19,4.61,-2.1,Total
1B01508,Palmela,2025-07-01,2025,3,2382.0,346.0,município,2025 Q3,21.47,10.53,5.17,Total
1B01508,Palmela,2025-10-01,2025,4,2471.0,324.0,município,2025 Q4,17.22,3.74,-1.82,Total
1B01510,Seixal,2019-01-01,2019,1,1098.0,925.0,município,2019 Q1,,,,Total
1B01510,Seixal,2019-04-01,2019,2,1117.0,893.0,município,2019 Q2,,1.73,,Total
1B01510,Seixal,2019-07-01,2019,3,1159.0,987.0,município,2019 Q3,,3.76,,Total
1B01510,Seixal,2019-10-01,2019,4,1201.0,1016.0,município,2019 Q4,,3.62,,Total
1B01510,Seixal,2020-01-01,2020,1,1296.0,812.0,município,2020 Q1,18.03,7.91,-12.22,Total
1B01510,Seixal,2020-04-01,2020,2,1357.0,652.0,município,2020 Q2,21.49,4.71,-26.99,Total
1B01510,Seixal,2020-07-01,2020,3,1361.0,811.0,município,2020 Q3,17.43,0.29,-17.83,Total
1B01510,Seixal,2020-10-01,2020,4,1379.0,996.0,município,2020 Q4,14.82,1.32,-1.97,Total
1B01510,Seixal,2021-01-01,2021,1,1419.0,887.0,município,2021 Q1,9.49,2.9,9.24,Total
1B01510,Seixal,2021-04-01,2021,2,1504.0,981.0,município,2021 Q2,10.83,5.99,50.46,Total
1B01510,Seixal,2021-07-01,2021,3,1538.0,1050.0,município,2021 Q3,13.01,2.26,29.47,Total
1B01510,Seixal,2021-10-01,2021,4,1577.0,989.0,município,2021 Q4,14.36,2.54,-0.7,Total
1B01510,Seixal,2022-01-01,2022,1,1645.0,898.0,município,2022 Q1,15.93,4.31,1.24,Total
1B01510,Seixal,2022-04-01,2022,2,1740.0,997.0,município,2022 Q2,15.69,5.78,1.63,Total
1B01510,Seixal,2022-07-01,2022,3,1841.0,898.0,município,2022 Q3,19.7,5.8,-14.48,Total
1B01510,Seixal,2022-10-01,2022,4,1830.0,846.0,município,2022 Q4,16.04,-0.6,-14.46,Total
1B01510,Seixal,2023-01-01,2023,1,1900.0,636.0,município,2023 Q1,15.5,3.83,-29.18,Total
1B01510,Seixal,2023-04-01,2023,2,1946.0,673.0,município,2023 Q2,11.84,2.42,-32.5,Total
1B01510,Seixal,2023-07-01,2023,3,2036.0,684.0,município,2023 Q3,10.59,4.62,-23.83,Total
1B01510,Seixal,2023-10-01,2023,4,2045.0,763.0,município,2023 Q4,11.75,0.44,-9.81,Total
1B01510,Seixal,2024-01-01,2024,1,2023.0,632.0,município,2024 Q1,6.47,-1.08,-0.63,Total
1B01510,Seixal,2024-04-01,2024,2,2097.0,776.0,município,2024 Q2,7.76,3.66,15.3,Total
1B01510,Seixal,2024-07-01,2024,3,2220.0,883.0,município,2024 Q3,9.04,5.87,29.09,Total
1B01510,Seixal,2024-10-01,2024,4,2285.0,1001.0,município,2024 Q4,11.74,2.93,31.19,Total
1B01510,Seixal,2025-01-01,2025,1,2426.0,826.0,município,2025 Q1,19.92,6.17,30.7,Total
1B01510,Seixal,2025-04-01,2025,2,2563.0,887.0,município,2025 Q2,22.22,5.65,14.3,Total
1B01510,Seixal,2025-07-01,2025,3,2713.0,910.0,município,2025 Q3,22.21,5.85,3.06,Total
1B01510,Seixal,2025-10-01,2025,4,2901.0,851.0,município,2025 Q4,26.96,6.93,-14.99,Total
1B01511,Sesimbra,2019-01-01,2019,1,1349.0,376.0,município,2019 Q1,,,,Total
1B01511,Sesimbra,2019-04-01,2019,2,1290.0,307.0,município,2019 Q2,,-4.37,,Total
1B01511,Sesimbra,2019-07-01,2019,3,1351.0,324.0,município,2019 Q3,,4.73,,Total
1B01511,Sesimbra,2019-10-01,2019,4,1324.0,356.0,município,2019 Q4,,-2.0,,Total
1B01511,Sesimbra,2020-01-01,2020,1,1389.0,307.0,município,2020 Q1,2.97,4.91,-18.35,Total
1B01511,Sesimbra,2020-04-01,2020,2,1406.0,268.0,município,2020 Q2,8.99,1.22,-12.7,Total
1B01511,Sesimbra,2020-07-01,2020,3,1424.0,321.0,município,2020 Q3,5.4,1.28,-0.93,Total
1B01511,Sesimbra,2020-10-01,2020,4,1389.0,378.0,município,2020 Q4,4.91,-2.46,6.18,Total
1B01511,Sesimbra,2021-01-01,2021,1,1618.0,288.0,município,2021 Q1,16.49,16.49,-6.19,Total
1B01511,Sesimbra,2021-04-01,2021,2,1600.0,336.0,município,2021 Q2,13.8,-1.11,25.37,Total
1B01511,Sesimbra,2021-07-01,2021,3,1727.0,330.0,município,2021 Q3,21.28,7.94,2.8,Total
1B01511,Sesimbra,2021-10-01,2021,4,1738.0,367.0,município,2021 Q4,25.13,0.64,-2.91,Total
1B01511,Sesimbra,2022-01-01,2022,1,1727.0,313.0,município,2022 Q1,6.74,-0.63,8.68,Total
1B01511,Sesimbra,2022-04-01,2022,2,1867.0,336.0,município,2022 Q2,16.69,8.11,0.0,Total
1B01511,Sesimbra,2022-07-01,2022,3,2067.0,330.0,município,2022 Q3,19.69,10.71,0.0,Total
1B01511,Sesimbra,2022-10-01,2022,4,2123.0,303.0,município,2022 Q4,22.15,2.71,-17.44,Total
1B01511,Sesimbra,2023-01-01,2023,1,1997.0,236.0,município,2023 Q1,15.63,-5.93,-24.6,Total
1B01511,Sesimbra,2023-04-01,2023,2,2113.0,261.0,município,2023 Q2,13.18,5.81,-22.32,Total
1B01511,Sesimbra,2023-07-01,2023,3,2157.0,233.0,município,2023 Q3,4.35,2.08,-29.39,Total
1B01511,Sesimbra,2023-10-01,2023,4,2095.0,239.0,município,2023 Q4,-1.32,-2.87,-21.12,Total
1B01511,Sesimbra,2024-01-01,2024,1,2154.0,219.0,município,2024 Q1,7.86,2.82,-7.2,Total
1B01511,Sesimbra,2024-04-01,2024,2,2213.0,264.0,município,2024 Q2,4.73,2.74,1.15,Total
1B01511,Sesimbra,2024-07-01,2024,3,2266.0,294.0,município,2024 Q3,5.05,2.39,26.18,Total
1B01511,Sesimbra,2024-10-01,2024,4,2402.0,311.0,município,2024 Q4,14.65,6.0,30.13,Total
1B01511,Sesimbra,2025-01-01,2025,1,2412.0,258.0,município,2025 Q1,11.98,0.42,17.81,Total
1B01511,Sesimbra,2025-04-01,2025,2,2651.0,284.0,município,2025 Q2,19.79,9.91,7.58,Total
1B01511,Sesimbra,2025-07-01,2025,3,2905.0,310.0,município,2025 Q3,28.2,9.58,5.44,Total
1B01511,Sesimbra,2025-10-01,2025,4,3010.0,309.0,município,2025 Q4,25.31,3.61,-0.64,Total
1B01512,Setúbal,2019-01-01,2019,1,1033.0,595.0,município,2019 Q1,,,,Total
1B01512,Setúbal,2019-04-01,2019,2,1059.0,629.0,município,2019 Q2,,2.52,,Total
1B01512,Setúbal,2019-07-01,2019,3,1167.0,600.0,município,2019 Q3,,10.2,,Total
1B01512,Setúbal,2019-10-01,2019,4,1116.0,708.0,município,2019 Q4,,-4.37,,Total
1B01512,Setúbal,2020-01-01,2020,1,1224.0,639.0,município,2020 Q1,18.49,9.68,7.39,Total
1B01512,Setúbal,2020-04-01,2020,2,1247.0,391.0,município,2020 Q2,17.75,1.88,-37.84,Total
1B01512,Setúbal,2020-07-01,2020,3,1347.0,587.0,município,2020 Q3,15.42,8.02,-2.17,Total
1B01512,Setúbal,2020-10-01,2020,4,1327.0,601.0,município,2020 Q4,18.91,-1.48,-15.11,Total
1B01512,Setúbal,2021-01-01,2021,1,1285.0,520.0,município,2021 Q1,4.98,-3.17,-18.62,Total
1B01512,Setúbal,2021-04-01,2021,2,1336.0,675.0,município,2021 Q2,7.14,3.97,72.63,Total
1B01512,Setúbal,2021-07-01,2021,3,1388.0,630.0,município,2021 Q3,3.04,3.89,7.33,Total
1B01512,Setúbal,2021-10-01,2021,4,1498.0,669.0,município,2021 Q4,12.89,7.93,11.31,Total
1B01512,Setúbal,2022-01-01,2022,1,1534.0,649.0,município,2022 Q1,19.38,2.4,24.81,Total
1B01512,Setúbal,2022-04-01,2022,2,1650.0,636.0,município,2022 Q2,23.5,7.56,-5.78,Total
1B01512,Setúbal,2022-07-01,2022,3,1675.0,542.0,município,2022 Q3,20.68,1.52,-13.97,Total
1B01512,Setúbal,2022-10-01,2022,4,1785.0,515.0,município,2022 Q4,19.16,6.57,-23.02,Total
1B01512,Setúbal,2023-01-01,2023,1,1779.0,435.0,município,2023 Q1,15.97,-0.34,-32.97,Total
1B01512,Setúbal,2023-04-01,2023,2,1830.0,435.0,município,2023 Q2,10.91,2.87,-31.6,Total
1B01512,Setúbal,2023-07-01,2023,3,1855.0,423.0,município,2023 Q3,10.75,1.37,-21.96,Total
1B01512,Setúbal,2023-10-01,2023,4,1866.0,483.0,município,2023 Q4,4.54,0.59,-6.21,Total
1B01512,Setúbal,2024-01-01,2024,1,1974.0,438.0,município,2024 Q1,10.96,5.79,0.69,Total
1B01512,Setúbal,2024-04-01,2024,2,1996.0,437.0,município,2024 Q2,9.07,1.11,0.46,Total
1B01512,Setúbal,2024-07-01,2024,3,2044.0,528.0,município,2024 Q3,10.19,2.4,24.82,Total
1B01512,Setúbal,2024-10-01,2024,4,2120.0,613.0,município,2024 Q4,13.61,3.72,26.92,Total
1B01512,Setúbal,2025-01-01,2025,1,2171.0,608.0,município,2025 Q1,9.98,2.41,38.81,Total
1B01512,Setúbal,2025-04-01,2025,2,2366.0,564.0,município,2025 Q2,18.54,8.98,29.06,Total
1B01512,Setúbal,2025-07-01,2025,3,2656.0,573.0,município,2025 Q3,29.94,12.26,8.52,Total
1B01512,Setúbal,2025-10-01,2025,4,2699.0,597.0,município,2025 Q4,27.31,1.62,-2.61,Total
